Varebetegnelse,KJ pr.,Protein,Fedt,Kulhydrat,Tilsat sukker,Kostfibre,Alkohol,Vand,Kcal pr.,
"A38, acidophilus tykmælk",272,"3,7","3,5","4,7",0,0,0,"87,3",65, 
"Aborre, rå",356,"18,1","1,3",0,0,0,0,81,85,
"Abrikos, konserves, let sukkerlage",278,"0,5","0,1","16,4","14,9","1,5",0,"81,9",66,
"Abrikos, rå",170,"0,8","0,3","9,4",0,"1,6",0,"88,8",41,
"Abrikos, tørret",1159,"2,9","1,7","66,5",0,"9,3",0,"26,2",277,
"Agurk, rå",45,"0,7","0,1","2,1",0,"0,7",0,"96,7",11,
"Agurk, syltet",296,"0,3","0,2","17,3",15,"1,2",0,"79,1",71,
"Agurk, syltet, uden tilsat sukker",41,"0,3","0,2","2,3",0,"1,2",0,"94,1",10,
"Ananas, konserves",269,"0,4","0,3","15,5","2,5","1,4",0,"83,5",64,
"Ananas, rå",232,"0,5","0,4",13,0,"1,4",0,"85,7",55,
"Ananasjuice, konserves",229,"0,4","0,1","12,9",,"0,1",0,"86,4",55,
"Ananaskirsebær, kapstikkelbær, rå",172,"0,9","0,6","10,2",0,"4,3",0,"87,9",41,
"And, brystkød, rå",497,"19,9","4,3",0,0,0,0,75,119,
"And, kød og skind, rå",1650,"11,5","39,3",0,0,0,0,"48,5",394,
"And, kød, rå",500,"18,3","5,1",0,0,0,0,"73,8",120,
"Ansjos, marineret, konserves",879,"13,4",13,10,10,0,0,53,210,
"Appelsin, rå",215,"0,9","0,6","11,5",0,2,0,87,51,
"Appelsinjuice, konserves",180,"0,6","0,1","9,9",0,"0,2",0,89,43,
Appelsinmarmelade,858,"0,5","0,3","49,7",44,"0,7",0,47,205,
"Artiskok, rå",193,"3,3","0,2","10,5",,"5,4",0,"84,9",46,
"Asier, syltede",312,"0,5","0,5",17,16,"0,5",0,82,75,
"Asier, syltede, uden tilsat sukker",65,"0,5","0,5","2,5",0,"0,5",0,"96,5",16,
"Asparges, grønne, rå",109,"1,8","0,3","4,9",0,"1,8",0,"92,5",26,
"Asparges, hvide, rå",109,"2,4","0,3","4,3",0,"1,8",0,"92,4",26,
"Asparges, konserves",67,"1,6","0,1","2,9",,"1,5",0,"94,4",16,
"Asparges, uspec., rå",99,"1,9","0,3","4,2",0,"1,8",0,"93,3",24,
"Aubergine, rå",82,"0,9","0,1",5,0,"2,4",0,"93,5",20,
"Avocado, rå",765,"1,9","15,7","11,7",0,"5,2",0,68,183,
"Bacon i skiver, rå",1076,"15,9","21,4","0,8",0,0,0,"58,3",257,
"Bacon i tern, rå",1076,"15,9","21,4","0,8",0,0,0,"58,3",257,
"Bagegær, presset, rå",465,"8,4","1,9","18,1",0,"6,2",0,69,111,
Bagepulver,731,"5,2",0,"37,8",0,0,0,"6,3",175,
"Baked beans i tomatsovs, konserves",399,"5,1","0,5","20,8",,"6,6",0,"73,6",95,
"Bambusskud, konserves, saltet",106,"2,6","0,1","3,7",0,"0,5",0,"93,4",25,
"Bambusskud, konserves, usaltet",106,"2,6","0,1","3,7",0,"0,5",0,"93,4",25,
"Bambusskud, rå",172,"3,6","0,1","6,7",0,"0,7",0,"88,6",41,
"Banan, rå",342,"1,3","0,3",19,0,"1,6",0,"76,6",82,
"Batat, sød kartoffel, rå",298,"1,3","0,3",17,0,"2,7",0,"80,3",71,
"Bayonneskinke, udbenet",804,"20,8",12,"0,4",,0,0,"62,2",192,
"Birkes, frø",2273,18,"44,7","23,7",,10,0,"6,8",543,
"Bitter, sød, uspec.",1106,0,0,18,18,0,"27,6","53,9",264,
"Bitter, uspec.",873,0,0,"0,2","0,2",0,30,"69,3",209,
"Bladbede, sølvbede, rå",86,"1,8","0,2","3,7",0,"1,6",0,"92,7",21,
"Bladselleri, rå",93,"0,7","0,2","5,2",0,"1,6",0,"92,9",22,
Blodpølse,1298,"10,7","20,8",23,0,5,0,"43,7",310,
"Blomkål, dansk, rå",99,2,"0,4","4,2",0,"2,4",0,"92,6",24,
"Blomkål, dybfrost",116,2,"0,3","4,7",0,1,0,"92,5",28,
"Blomkål, importeret, rå",132,"3,1","0,4","5,2",0,"2,7",0,"90,5",32,
"Blomkål, uspec., rå",116,"2,4","0,4","4,7",0,"2,2",0,"91,7",28,
"Blomme, rå",179,"0,5","0,3","10,2",0,"1,6",0,"86,7",43,
"Blæksprutte, rå",338,"16,4","0,9","1,5",0,0,0,81,81,
"Blåbær, frosne, usukrede",223,"0,4","0,6","12,2",0,"1,5",0,"86,6",53,
"Blåbær, rå",201,"0,7","0,5","11,5",0,"2,8",0,"87,1",48,
"Boghvede, hel, rå",1531,"12,6","3,7","71,5",,4,0,"10,4",366,
"Boghvedegryn, rå",1507,7,"1,4","79,8",0,"2,3",0,"10,9",360,
Boghvedemel,1495,"6,6",2,78,0,"1,9",0,"12,6",357,
"Bolcher, blandede",1658,0,0,"97,5","82,8",0,0,"2,4",396,
"Bolcher, uspec.",1754,"0,3",4,"94,2",,0,0,"2,5",419,
Bomuldsfrøolie,3700,0,100,0,0,0,0,0,884,
"Bondebrød med fedtrige frø, industrifremstillet",1011,9,"5,2",44,0,"9,1",0,40,242,
"Bondebrød, uden fedtrige frø, industrifremstillet",965,"6,5","1,3",50,0,"4,9",0,41,231,
"Bouillon, hønsekød, spiseklar",18,"0,3","0,2","0,3",,0,0,"98,3",4,
"Bouillon, oksekød, koncentreret, terning",676,17,"3,2","15,8",,0,0,24,162,
"Bouillon, oksekød, terning, spiseklar",26,"1,1","0,2",0,,0,0,"97,5",6,
"Brasen, rå",432,"16,7",4,0,0,0,0,77,103,
"Brie, 45+",1171,"20,8",22,"0,2",0,0,0,"53,1",280,
"Brie, 50+",1369,"19,8","27,8","0,2",0,0,0,"49,3",327,
"Brie, 60+",1542,"17,4","33,6","0,2",0,0,0,"45,8",369,
"Brisling (ansjovis), marineret, konserves",879,"13,4",13,10,10,0,0,53,210,
"Brisling (sardin), i olie, konserves",844,"24,6","11,5",0,0,0,0,"59,6",202,
"Brisling (sardin), i tomat, konserves",857,"15,1",16,"0,5",0,0,0,66,205,
"Brisling, rå",674,"16,8","10,5",0,0,0,0,"71,5",161,
"Brissel, kalv, rå",451,"17,8",4,0,0,0,0,74,108,
"Broccoli, dybfrost",113,"2,8","0,3","4,8",,3,0,"91,5",27,
"Broccoli, kogt",148,"2,4","0,4","7,2",,"3,3",0,"89,3",35,
"Broccoli, rå",187,"5,3","0,6","6,1",0,"3,2",0,"87,8",45,
"Brombær, dybfrost, usukrede",278,"1,2","0,4","15,7",0,"2,7",0,"82,2",66,
"Brombær, rå",175,"1,4",1,9,0,"4,3",0,"88,2",42,
"Brosme, rå",334,19,"0,3",0,0,0,0,"79,4",80,
"Brune bønner, tørrede",1313,"18,9",2,"63,4",0,"17,8",0,"12,3",314,
"Brune linser, tørrede, rå",1422,"25,1",2,"60,1",,"11,2",0,"10,2",340,
"Brøndkarse, rå",61,"1,7","0,2","2,1",0,"1,2",0,"94,1",15,
Buddingpulver,1478,"0,3",0,"87,5",0,"1,6",0,"12,1",353,
"Bulgur (hvedekerner, knækkede, parboiled), rå",1503,"10,8","2,3","76,7",0,"7,7",0,"9,1",359,
"Byggryn, rå",1467,"9,2","2,4","76,9",0,"9,5",0,10,351,
Bygmel,1423,"9,2",3,72,0,"7,6",0,14,340,
"Bækforel, filet, røget",884,"29,6","10,3",0,0,0,0,"54,6",211,
"Bækforel, rå",448,"20,5","2,7",0,0,0,0,"77,6",107,
"Bønnespirer, adzuki, rå",568,10,1,24,0,"5,2",0,"64,2",136,
"Bønnespirer, mung, rå",142,3,"0,2","5,9",0,"1,8",0,"90,4",34,
"Bønnespirer, soja, konserves",72,"1,6","0,2","3,8",0,3,0,"95,4",17,
"Bønnespirer, soja, rå",240,"6,2","1,4","5,3",0,"0,8",0,"86,3",57,
"Bønnespirer, uspec., rå",135,3,"0,3","4,9",0,"1,2",0,90,32,
"Cacao, instant, med mælk, pulver",1558,"16,2","3,4","71,8","70,3","7,1",0,"3,6",372,
"Cacao, instant, uden mælk, pulver",1663,"5,3","3,8","87,4","70,3","5,9",0,"1,3",397,
"Cacao, pulver",1686,"22,5","21,9","41,7",0,24,0,"5,1",403,
Cacaomælk,295,"3,7","1,8",10,"4,5","0,5",0,"83,8",71,
Cacaomælk (UHT),293,"3,6","1,7","10,2","5,1","0,5",0,"83,8",70,
Cacaoskummetmælk,252,"3,6","0,5","10,4","4,8","0,5",0,"84,9",60,
Cacaoskummetmælk (UHT),252,"3,6","0,5","10,4","4,8","0,5",0,"84,8",60,
Cacaosmør,3700,0,100,0,0,0,0,0,884,
"Camembert, 30+",835,25,11,"0,2",0,0,0,"60,7",200,
"Camembert, 45+",1196,"21,4","22,4","0,2",0,0,0,"52,7",286,
"Camembert, 50+",1304,"19,5","26,2","0,2",0,0,0,"50,5",312,
"Cantaloupe (melon), rå",152,"0,8","0,2","8,2",0,"0,9",0,"90,2",36,
"Carambol, bilimbing, stjernefrugt, rå",117,1,"0,3","6,7",0,"2,8",0,"91,4",28,
"Cashewnød, olieristet",2533,"16,8","47,8","29,9",0,"3,3",0,"3,5",605,
"Cashewnød, tørristet",2506,"15,3","46,4","32,7",0,3,0,"1,7",599,
"Cayote, Kayote, rå",78,"0,8","0,1","4,5",0,"1,7",0,"94,2",19,
"Champignon, konserves",92,"2,5","0,5","3,1",0,"2,4",0,"92,7",22,
"Champignon, rå",103,"2,9","0,3","3,4",0,"1,7",0,"92,7",25,
"Cheddar, 50+",1687,"26,2","33,1",1,0,0,0,"36,7",403,
"Cherimoya, chirimoya, rå",331,"1,7","0,6","17,7",0,"2,3",0,"79,4",79,
"Chesire, 50+",1579,24,"31,2",1,0,0,0,"40,9",377,
"Chokolade, fyldt",1945,9,"19,3","63,9",54,"0,9",0,"6,8",465,
"Citron, rå",132,"0,5","1,1","5,5",0,"1,2",0,"92,6",32,
"Citronsaft, friskpresset",153,"0,4",0,"8,6",0,0,0,"90,7",37,
"Citronskal, rå",213,"1,5","0,3",16,0,"10,6",0,"81,6",51,
Cognac,945,0,0,1,0,0,32,68,226,
"Cornflakes, frosted",1607,"5,6","0,9",88,30,"1,9",0,"3,6",384,
"Cornflakes, uspec.",1559,"7,3","1,3","83,2",5,"3,1",0,5,373,
Creme fraiche 18 %,797,"2,8","18,6","3,6",0,0,0,"74,4",190,
Creme fraiche 38 %,1502,"2,1","38,4","2,7",0,0,0,"56,3",359,
Creme Fraiche 9%,454,"3,4",9,"3,7",0,0,0,83,109,
Croissant,1726,"7,9","23,1","44,7",,"2,5",0,"22,8",413,
"Cultura, syrnet sødmælk",269,"3,5","3,6","4,5",0,0,0,"87,6",64,
"Daddel, tørret",1377,2,"0,5","81,3",0,"6,4",0,"14,6",329,
Danablu 50+,1447,"20,2","29,5","0,7",0,0,0,"44,7",346,
Danablu 60+,1633,"16,5","36,1",1,0,0,0,"41,9",390,
"Danbo, 20+",950,"28,4","12,4","0,5",0,0,0,"54,4",227,
"Danbo, 30+",1081,"28,4","15,7",1,0,0,0,"50,6",258,
"Danbo, 45+",1342,"23,7",25,"0,8",0,0,0,"45,6",321,
"Dild, rå",200,"3,5","1,1",7,0,"2,1",0,86,48,
"Dild, tørret",1344,20,"4,4","55,8",0,"11,9",0,"7,3",321,
"Dragé, lakrids",1586,2,"1,7","87,6",,0,0,6,379,
"Dragéprodukt, uspec.",1978,5,"17,2","73,9",,0,0,"2,5",473,
"Dressing, blue cheese",2142,"4,8","52,3","7,4",,0,0,"32,3",512,
"Dressing, creme fraiche",1733,"1,6","41,7","9,6",,0,0,"45,1",414,
"Dressing, creme fraiche, kalorielet",883,"1,3","18,9","9,5",,0,0,"68,7",211,
"Dressing, fransk",1936,"0,8","44,8","15,6",5,0,0,"36,6",463,
"Dressing, italiensk",1234,"0,4","28,4","10,4",,0,0,"56,4",295,
"Dressing, mayonnaise",1439,"1,2","32,5","12,7",,0,0,"51,7",344,
"Dressing, mayonnaise, kalorielet",742,1,"13,4","13,5",,0,0,"70,1",177,
"Dressing, olie-eddike",1446,"0,6","34,3","9,8",,0,0,"52,4",346,
"Dressing, olie-eddike, kalorielet",197,"0,3","1,1","8,9",,0,0,"86,6",47,
"Dressing, thousand island",1548,"1,1","35,1","14,6",,2,0,"46,5",370,
"Drueagurk (sylteagurk), rå",70,"1,2","0,1","3,4",,"1,3",0,"94,6",17,
Druesaft,268,"0,6","0,1",15,0,"0,1",0,"84,1",64,
"Due, kød og skind, rå",1195,"18,5","23,8",0,0,0,0,"56,6",286,
"Due, kød, rå",619,"20,1","7,5",0,0,0,0,"72,8",148,
Eddike,82,"0,4",0,"0,6",0,0,"0,2","98,7",20,
"Elbo, 40+",1342,"26,6","23,4","1,4",0,0,0,"45,7",321,
"Emmentaler, 45+",1571,"28,1","29,1",1,0,0,0,"38,6",375,
"Esrom, 45+",1378,"24,2","25,7","0,9",0,0,0,"45,9",329,
"Esrom, 60+",1764,"19,4","38,3",1,0,0,0,"38,4",422,
"Fasan, kød og skind, rå",730,"22,7","9,3",0,0,0,0,"67,8",174,
"Fasan, kød, rå",534,"23,6","3,6",0,0,0,0,"72,8",128,
"Fennikel, frø",1351,"15,8","14,9","52,3",0,"39,8",0,"8,8",323,
"Fennikel, knold, rå",98,"1,4","0,2",5,0,2,0,"93,8",23,
"Fersken, konserves",313,"0,5","0,2","18,1","7,6","1,2",0,"81,8",75,
"Fersken, rå",198,1,"0,4","10,7",0,"1,7",0,"88,4",47,
"Fersken, tørret",1406,"4,9",1,"83,2",0,"14,3",0,"7,5",336,
"Feta, 40+",1066,"19,4","19,2","1,5",0,0,0,"54,9",255,
"Feta, 50+",1260,"17,8","25,2","1,5",0,0,0,"50,8",301,
Fiberbrød,1027,"9,8","1,9","49,3",0,"5,3",0,"43,1",245,
"Figen, rå",325,"0,8","0,3","19,2",0,"2,9",0,"79,1",78,
"Figen, tørret",1092,"3,3","0,9","63,9",0,"9,3",0,"30,1",261,
"Figuraost, 10+",657,24,"6,5","0,5",0,0,0,35,157,
"Fiskeboller, konserves",263,"8,3",1,5,0,0,0,84,63,
"Fiskefars, rå",466,"8,5","2,8","12,8",0,0,0,"74,4",111,
Fiskefrikadelle,647,"9,7","8,3","10,3",0,0,0,"71,3",155,
"Fiskeolie, hydrogeneret",3696,0,"99,9",0,0,0,0,"0,1",883,
Fladbrød,1526,"9,1","2,3",84,0,"15,8",0,3,365,
"Flûte, fint, industrifremstillet",1076,"8,3","1,2",54,0,3,0,34,257,
"Flûte, groft, industrifremstillet",1129,"7,9","3,6",53,0,"4,4",0,34,270,
"Flûte, med fedtrige frø, industrifremstillet",1148,"8,7","3,3",54,0,"4,5",0,32,274,
"Flæskesvær, snacks",2477,58,"40,3",0,,0,0,"1,7",592,
Fløde 13 %,625,"2,9","13,5","4,5",0,0,0,"78,5",149,
Fløde 13 % (UHT),608,"2,8","13,3",4,0,0,0,"79,3",145,
Fløde 18 %,785,"2,7",18,"4,3",0,0,0,"74,4",188,
"Fløde 38 %, piskefløde",1496,"2,1",38,"3,2",0,0,0,"57,1",358,
Fløde 9 %,462,"3,1","9,1","4,3",0,0,0,83,110,
"Fløde 9 %, syrnet",459,"3,1",9,"4,3",0,0,0,83,110,
"Flødeboller, skumboller",1791,"4,4","16,5","65,3",64,"0,5",0,"13,1",428,
Flødechokolade,2271,"7,1","31,3","58,6","49,5","0,4",0,"1,3",543,
Flødechokolade med nødder,2397,"8,8","37,5","50,6",40,0,0,"1,3",573,
Flødeis,868,"3,5",11,"23,6",18,0,0,61,207,
"Flødeost, 60+",1381,"10,2","31,5","2,5",0,0,0,"54,4",330,
"Flødeost, 70+",1571,"9,6","36,9","2,5",0,0,0,"49,4",375,
"Flødeskumskage, uspec.",1158,"2,7","13,7","36,4",,"1,5",0,"46,3",277,
"Flødeyoghurt med frugt, 9 % fedt",404,3,"7,7","4,3","7,6","0,5",0,"76,5",97,
"Fontina, 45+",1399,"24,8",26,"0,9",0,0,0,"44,9",334,
"Fontina, 50+",1556,"23,8","30,7","0,9",0,0,0,"41,6",372,
"Forårsløg, rå",139,"1,8","0,2","7,3",0,"2,6",0,"89,8",33,
Franskbrød,1131,8,"4,3","51,3",0,4,0,"33,9",270,
Frugtkvark,693,"6,9","8,2",16,"13,3",0,0,"68,7",166,
"Frugtpålæg, figen",1335,"2,5","4,5","70,2",0,"7,5",0,"21,2",319,
"Frugtpålæg, uspec.",1311,"2,7","5,6","66,4",0,"7,9",0,"23,7",313,
"Frugtsaft, blandet, sødet, koncentreret",717,"0,2",0,42,"41,4",0,0,"56,2",171,
"Frugtsaft, blandet, usødet, koncentreret",145,"0,2",0,"8,3",0,0,0,"91,1",35,
Fruktose,1697,0,0,"99,8",95,0,0,"0,2",406,
"Frølår, dybfrost",290,"16,4","0,3",0,0,0,0,82,69,
"Fynbo, 45+",1480,"25,9","27,7","0,9",0,0,0,"42,1",354,
"Fårekød, bov, rå",947,"18,7",17,0,0,0,0,"62,7",226,
"Fårekød, kølle, rå",564,"20,1",6,0,0,0,0,"71,9",135,
Gaffelbidder,937,"12,3",16,8,8,0,0,"62,4",224,
"Gedde, rå",367,19,"1,2",0,0,0,0,"77,9",88,
Gedemælk,289,"3,6","4,1","4,5",0,0,0,87,69,
Gelatine,1481,"86,9","0,1",0,0,0,0,"11,7",354,
Gin,1099,0,0,0,0,0,"37,9","62,1",263,
Grahamsbrød,1004,"8,2",2,"49,3",0,"5,3",0,"36,9",240,
"Grahamsmel, fuldkornshvedemel",1426,"10,7","2,4","74,1",0,"11,6",0,"11,7",341,
"Grana, 32+",1480,"33,6","24,1",1,0,0,0,"36,7",354,
"Granatæble, punisk æble, råt",315,1,"0,3","17,2",0,"0,6",0,81,75,
"Grapefrugt, rå",180,"0,9","0,3","9,8",0,"1,4",0,"88,7",43,
"Grapefrugtjuice, konserves, usødet",143,"0,3","0,1","7,9",0,0,0,"91,3",34,
Grovbolle,1199,"9,3","3,8","55,9",0,"5,6",0,28,287,
Grovfranskbrød,1092,"8,3","3,3",51,0,"4,2",0,"35,4",261,
"Gruyere, 45+",1646,"29,9","30,1","1,4",0,0,0,"35,4",393,
"Græskar, konserves",438,"0,4","0,1","25,6",0,"0,9",0,"73,7",105,
"Græskar, rå",75,"0,6","0,1","4,2",0,"1,1",0,"94,6",18,
"Grønkål, dybfrost",116,"2,1","0,6","5,2",0,"3,4",0,91,28,
"Grønkål, konserves",135,"2,2","0,9","5,6",0,"3,4",0,"90,4",32,
"Grønkål, rå",245,"4,7","1,2","10,4",0,"6,2",0,"81,6",59,
"Grønne bønner, dybfrost",140,2,"0,3","7,3",0,"3,2",0,"88,8",33,
"Grønne bønner, konserves",97,"1,5","0,3","4,8",0,"2,4",0,"91,8",23,
"Grønne bønner, rå",110,"1,9","0,2","5,7",0,3,0,"90,4",26,
"Grønne ærter, dybfrost",318,"6,1","0,7","13,6",0,"4,7",0,"79,5",76,
"Grønne ærter, konserves",314,"5,9","0,8","14,3",0,"6,6",0,"77,9",75,
"Grønne ærter, rå",292,"5,9","0,7","12,9",0,"5,9",0,"79,6",70,
"Grøntsagsjuice, pasteuriseret",220,"2,1","0,4","10,9",0,"1,7",0,"85,2",53,
"Guavabær, guajavabær, rå",177,"0,9","0,5",11,0,"4,9",0,"86,1",42,
"Gule ærter (flækærter), rå",1471,22,"2,1","63,9",0,"7,4",0,"9,5",352,
"Gulerod, dansk, rå",162,"0,8","0,4","9,3",0,"2,7",0,"89,1",39,
"Gulerod, dybfrost",109,"0,9","0,2","6,3",0,"2,3",0,92,26,
"Gulerod, importeret, rå",163,1,"0,4","9,3",0,3,0,"88,5",39,
"Gulerod, juice, konserves",175,1,"0,2","9,3",0,"0,8",0,"88,9",42,
"Gulerod, konserves",98,"0,6","0,2","5,5",0,"1,5",0,93,23,
"Gulerod, uspec., rå",150,"0,7","0,4","8,8",0,"2,9",0,"89,9",36,
"Gær, tørret",1327,"35,6","1,5","49,6",0,"19,7",0,5,317,
"Gærekstrakt, marmite",646,"27,8",0,"11,8",0,3,0,37,154,
"Gås, kød og skind, rå",1514,"15,9","33,6",0,0,0,0,"49,7",362,
"Gås, kød, rå",650,"22,8","7,1",0,0,0,0,"68,3",155,
Gåsefedt,3693,0,"99,8",0,0,0,0,"0,2",883,
"Hamburgerryg, kogt",508,"18,4","4,9","0,8","1,1",0,0,"71,5",121,
"Hamburgerryg, røget",508,"18,4","4,9","0,8","1,1",0,0,"71,5",121,
"Hare, rå",478,"21,6",3,0,0,0,0,"73,3",114,
"Hasselnød, tørret",2502,"14,9","49,3","29,3",0,"8,2",0,"4,1",598,
"Havarti, 30+",1220,"30,1","18,5","1,4",0,0,0,"45,6",292,
"Havarti, 45+",1428,"24,5","26,8","1,2",0,0,0,"43,4",341,
"Havarti, 60+",1770,"19,5","38,1","1,7",0,0,0,"37,2",423,
"Havkat, plettet, rå",450,16,"4,8",0,0,0,0,"78,2",108,
"Havkat, rå",374,"16,1","2,7",0,0,0,0,"78,1",89,
"Havregryn, beriget",1529,13,"6,5","68,7",0,"11,2",0,"9,7",365,
"Havregryn, ikke beriget",1542,"13,3","6,5","68,7",0,"10,3",0,"9,5",369,
"Havregryn, uspec.",1533,"13,2","6,5","68,2",0,"10,1",0,"9,3",366,
"Havreklid, dansk",1544,"13,9","6,4","69,1",,"11,5",0,"8,5",369,
"Hellefisk, gravad",788,"12,4","15,6",0,0,0,0,"70,2",188,
"Hellefisk, røget",849,"14,9","16,1",0,0,0,0,"64,8",203,
"Hellefisk, rå",788,"12,4","15,6",0,0,0,0,"70,2",188,
"Helleflynder, røget",439,"20,6","2,4",0,0,0,0,76,105,
"Helleflynder, rå",439,"20,6","2,4",0,0,0,0,"74,5",105,
"Helt, rå",480,"21,7",3,0,0,0,0,74,115,
"Hestekød, råt",703,19,10,"0,6",0,0,0,70,168,
"Hindbær, dybfrost",228,"1,4","1,4","11,3",0,"4,4",0,"85,9",54,
"Hindbær, rå",228,"1,4","1,4","11,3",0,"4,4",0,"85,9",54,
Hindbærmarmelade,860,"0,6","0,6","49,3",45,"1,2",0,47,206,
"Hindbærsaft, sur, koncentreret",146,"0,5","0,5",7,0,0,0,"91,8",35,
"Hindbærsaft, sød, koncentreret",724,"0,5","0,5",41,40,0,0,"57,8",173,
"Hingino, 32+",1488,"32,8","24,7",1,0,0,0,"37,5",356,
"Hirse, hele korn",1504,11,"4,2","72,8",0,"8,5",0,"8,7",359,
Hirseflager,1564,"12,1","3,3","73,8",0,2,0,"9,8",374,
"Hjerte, høne (kylling), råt",621,"15,6","9,3","0,7",0,0,0,"73,6",148,
"Hjerte, kalv, råt",421,"14,9","3,7","1,8",0,0,0,77,101,
"Hjerte, okse, råt",427,"17,7","3,1","0,7",0,0,0,"77,1",102,
"Hjerte, svin, råt",455,17,"4,3","0,4",0,0,0,"78,6",109,
Honning,1399,"0,3",0,82,0,0,0,18,334,
"Honningmelon, rå",96,"0,6","0,2",5,0,"0,7",0,94,23,
"Hornfisk, rå",464,"21,4","2,7",0,0,0,0,"75,1",111,
"Hummer, kogt",378,"18,7","1,5","0,3",0,0,0,"76,8",90,
"Hummer, konserves",378,"18,7","1,5","0,3",0,0,0,"76,8",90,
"Hummer, rå",395,"19,6","1,3","0,8",0,0,0,76,94,
"Hvalkød, råt",488,"23,5","2,4",0,,0,0,"74,3",117,
"Hvedebrød, bolle, fin, industrifremstillet",1146,"8,8","2,8",54,0,"2,8",0,33,274,
"Hvedebrød, bolle, grov, industrifremstillet",1040,"8,4","2,7",50,0,"5,9",0,37,249,
"Hvedebrød, bolle, grov, med fedtrige frø, industrifremstillet",1211,"9,3","6,6",50,0,"4,6",0,32,289,
"Hvedebrød, bolle, italiensk, industrifremstillet",1129,9,"1,8",55,0,"2,9",0,32,270,
"Hvedebrød, fint, store",1137,"8,5","3,7",52,0,"3,1",0,"34,1",272,
"Hvedebrød, groft uden fedtrige frø, uden kerner",1077,"8,3","2,9",51,0,"4,3",0,"35,4",257,
"Hvedebrød, sandwich/toastbrød med fedtrige frø, industrifremstillet",1130,"8,3","5,6",48,0,"3,8",0,36,270,
"Hvedebrød, store, italiensk",1065,"8,2","1,6","52,6",0,"3,1",0,"35,7",255,
"Hvedebrød, store, med fedtrige frø",1168,"9,3","6,1","48,3",0,"4,1",0,"33,9",279,
"Hvedebrød, toastbrød, fint, industrifremstillet",1073,8,"2,7",51,0,"3,3",0,37,256,
"Hvedebrød, toastbrød, groft, industrifremstillet",1081,"8,3","2,9",51,0,"3,8",0,36,258,
"Hvedegryn, mannagryn",1497,"9,2","1,2","77,7",0,"2,7",0,"11,6",358,
"Hvedekerner, hele/knækkede",1439,"10,7",2,"75,4",0,11,0,"10,4",344,
"Hvedekim, rå",1594,"28,1","9,6","51,3",0,"12,3",0,"6,7",381,
Hvedekimolie,3700,0,100,0,0,0,0,0,884,
Hvedeklid,1216,"16,2","5,3","65,1",0,"40,2",0,"8,2",291,
Hvedemel,1476,"9,6","1,6","75,7",0,"3,7",0,"12,7",353,
"Hvide bønner, tørrede",1356,"21,3","2,7","62,3",0,"18,4",0,"9,8",324,
"Hvidkål, rå",126,"1,2","0,2",7,0,"2,3",0,"90,5",30,
"Hvidløg, rå",671,"6,4","0,5","33,1",0,"2,1",0,"58,6",160,
"Hvidløg, tørret, pulver",1462,"16,8","0,8","72,7",0,"9,9",0,"6,5",349,
"Hvidvin, medium",330,"0,1",0,"2,4",0,0,"9,9","87,5",79,
"Hvidvin, mousserende, champagne",316,"0,3",0,"1,4",0,0,"9,9","88,2",76,
"Hvidvin, Rhinskvin",280,"0,1",0,"2,9",0,0,"7,9",89,67,
"Hvidvin, sød",400,"0,2",0,"5,9",0,0,"10,2","83,4",96,
"Hvidvin, tør",281,"0,1",0,"0,2",0,0,"9,5","89,9",67,
"Hvidvin, uden alkohol",97,"0,2",0,"5,5",0,0,0,"95,1",23,
"Hvidvin, uspec.",345,"0,1",0,"2,6",,0,"10,3","86,9",82,
"Hvilling, rå",333,"18,3","0,6",0,0,0,0,80,80,
"Hyben pulver, tørret",1156,"4,5","1,5",83,0,43,0,"5,8",276,
"Hyben, rå",224,"0,6","0,5","14,7",0,"6,1",0,"83,4",54,
Hybensaft,969,0,0,57,57,0,0,42,232,
"Hyldebær, rå",280,"0,7","0,5","18,4",0,7,0,"79,8",67,
"Hyldebærsaft, sur, koncentreret",129,"0,5","0,5",6,0,0,0,"92,8",31,
"Hyldebærsaft, sød, koncentreret",758,"0,5","0,5",43,41,0,0,"55,8",181,
"Hytteost, 20+",433,"12,2","5,4","1,5",0,0,0,"79,7",103,
"Høne, kød og skind, rå",879,"17,1","15,9",0,0,0,0,"65,5",210,
"Høne, kød, rå",445,"20,3","2,7",0,0,0,0,"74,9",106,
"Hørfrø, rå",2024,25,31,"36,1",0,18,0,"4,9",484,
Hørfrøolie,3700,0,100,0,0,0,0,0,884,
"Ingefær, rod, rå",345,"1,8","0,8","17,8",0,2,0,"78,9",82,
"Is, 3. farvet",778,4,10,20,18,0,0,62,186,
"Ising, rå",343,18,1,0,0,0,0,"81,1",82,
"Ispind, jordbær",661,4,5,24,17,0,0,66,158,
"Ispind, limonade",372,"0,5",2,17,17,0,0,"80,5",89,
"Ispind, vanille",778,4,10,20,19,0,0,"64,9",186,
"Ispind, vanille med chokoladeovertræk",1145,3,19,23,20,0,0,"53,9",274,
"Isvaffel med vaniljeis, uspec.",1157,"3,9","13,4",35,,0,0,"46,8",277,
"Jomfruhummer, rå",395,"19,6","1,3","0,8",0,0,0,76,94,
"Jordbær i sukkerlage, konserves",371,"0,4","0,4",21,"20,1","0,9",0,"79,4",89,
"Jordbær, dybfrost, sukrede",356,"0,5","0,2",21,"11,9","1,9",0,"78,1",85,
"Jordbær, dybfrost, usukrede",146,"0,4","0,1","9,1",0,"2,1",0,90,35,
"Jordbær, rå",170,"0,7","0,6","8,8",0,"1,5",0,"89,6",41,
"Jordbær, syltede",857,"0,3","0,3",50,46,1,0,"49,2",205,
Jordbærmarmelade,934,"0,5","0,5",54,45,"1,2",0,41,223,
"Jordbærsaft, sur, koncentreret",146,"0,5","0,5",7,0,0,0,"91,8",35,
"Jordbærsaft, sød, koncentreret",724,"0,5","0,5",41,40,0,0,"57,8",173,
"Jordnød, tørret",2463,"25,8","49,2","16,1",0,"7,7",0,"6,5",589,
Jordnøddeolie,3700,0,100,0,0,0,0,0,884,
Jordnøddesmør,2622,"22,6","53,7","18,8",0,"7,6",0,"1,1",627,
"Jordskok, rå",274,"2,1","0,6","14,1",0,"2,6",0,"82,1",65,
"Julesalat, rå",81,"1,1","0,2","3,8",0,"1,1",0,"94,5",19,
"Kaffe, drikkeklar",2,"0,1",0,0,0,0,0,"99,4",0,
"Kaffe, instant, decaffeinated, drikkeklar",8,"0,1",0,"0,4",0,0,0,"98,9",2,
"Kaffe, instant, decaffeinated, pulver",1497,"11,6","0,2",76,0,0,0,"3,2",358,
"Kaffe, instant, drikkeklar",7,"0,1",0,"0,3",0,0,0,"99,4",2,
"Kaffe, instant, pulver",1271,"19,5","1,7","61,7",0,"19,1",0,"6,8",304,
"Kaffebønne, ristet, formalet",1660,"14,6","15,4",60,0,"19,8",0,"5,5",397,
"Kakifrugt (Sharon), rå",361,"0,7","0,3",23,0,"5,9",0,"75,5",86,
"Kaktusfigen, rå",161,"0,7","0,5","9,6",0,"3,6",0,"87,6",38,
"Kalkun, bryst (filet), kogt/røget, pålæg",452,21,"1,8","1,7",,0,0,72,108,
"Kalkun, kød og skind, rå",528,"20,2",5,0,0,0,0,"73,6",126,
"Kalkun, kød, rå",454,"21,9","2,2",0,0,0,0,"75,5",109,
"Kalkunkød, hakket, råt",622,"22,2","6,6",0,0,0,0,"71,2",149,
"Kalv og flæsk, hakket, højt fedtindhold, råt",926,"18,8","16,4",0,0,0,0,"65,1",221,
"Kalvekød, fedt, råt",1158,"18,5","22,8",0,0,0,0,59,277,
"Kalvekød, helt magert",449,"21,6","2,2",0,0,0,0,"78,6",107,
"Kalvekød, magert, råt",549,21,"5,2",0,0,0,0,"75,1",131,
"Kalvekød, middelfedt, råt",758,20,"11,3",0,0,0,0,"67,2",181,
Kammerjunkere,1927,"8,3","17,1","69,4",,3,0,"3,3",461,
"Kanel, stang",1005,4,"1,2","80,6",0,"53,1",0,"10,6",240,
"Kanin, kød, rå",525,"22,2",4,0,0,0,0,"74,6",125,
"Kantarel, rå",166,"2,9","1,3","6,7",0,5,0,"87,5",40,
"Karameller, blandede",2023,"2,1","20,9","71,4",48,0,0,"4,8",484,
"Karameller, uspec.",1770,2,"10,6","79,6",,1,0,"7,1",423,
"Karry, pulver",1420,"12,7","13,8","58,4",0,"33,2",0,"9,5",339,
"Karse, frisk",99,"2,8","0,5","2,8",0,"1,6",0,"92,7",24,
"Kartoffel, chips (franske kartofler)",2228,"5,4","31,9",58,0,"3,4",0,1,533,
"Kartoffel, chips (franske kartofler), fedtreducerede",2024,5,23,"65,8",0,"3,4",0,1,484,
"Kartoffel, efterår (oktober til januar), rå",365,"2,2","0,2","19,6",0,"1,4",0,"77,1",87,
"Kartoffel, gammel (februar - juni), rå",345,"2,2","0,3","18,2",0,"1,4",0,"78,3",82,
"Kartoffel, konserves",242,"1,4","0,2","13,6",0,"2,3",0,"84,3",58,
"Kartoffel, ny (maj til september), rå",322,"1,8","0,3","17,2",0,"1,3",0,"79,9",77,
"Kartoffel, pommes frites, friturestegte",1469,"4,9","18,7","42,4",0,3,0,"31,6",351,
"Kartoffel, uspec., rå",342,"1,9","0,3","18,3",0,"1,4",0,"80,5",82,
"Kartoffelchips, grove",2085,"6,1","26,4",61,,"3,6",0,3,498,
Kartoffelmel,1454,"0,2","0,1","85,3",0,"0,3",0,"14,2",348,
"Kartoffelmos, -pulver m/tørmælk",1413,"10,9","1,1","77,7","5,7","14,9",0,"6,6",338,
"Kartoffelmos, -pulver u/tørmælk",1477,"8,2","0,5","85,5","5,7","14,9",0,"3,6",353,
"Kaseinat, natrium-, Damipro RHV",1567,"88,2","1,5",1,0,"0,5",0,6,375,
"Kastanje, ægte, rå",765,2,"2,7","40,7",0,"6,8",0,"51,7",183,
Kastanjebrød,1100,8,"4,1","50,3",0,"4,7",0,"36,5",263,
"Kaviar, uægte (lodderogn)",770,"9,1",14,"5,7",0,0,0,65,184,
"Kaviar, uægte (stenbiderrogn)",444,"12,9","5,7","0,8",0,0,0,"74,4",106,
Kefir,269,"3,5","3,6","4,5",0,0,0,"87,6",64,
"Kiks, fuldkorns-, digestivetype",1936,"6,2","20,5",66,"16,4","5,5",0,"4,5",463,
"Kikærter, tørrede, rå",1540,"20,4","6,9","61,6",0,"12,2",0,"8,4",368,
"Kinakål, pe-tsai, rå",75,"1,3","0,2","3,3",0,"1,2",0,"94,7",18,
"Kinaradise, japanræddike, rå",69,"0,6","0,1","4,1",0,"1,6",0,"94,5",16,
"Kippers i olie, konserves",1033,"20,5","18,5",0,0,0,0,"58,6",247,
"Kirsebær, rå",231,"1,4","0,3","12,2",0,"1,3",0,"85,3",55,
"Kirsebær, syltede",610,1,"0,1",35,31,"0,6",0,"63,7",146,
"Kirsebærsaft, sur, koncentreret",248,"0,5","0,5",13,0,0,0,"85,8",59,
"Kirsebærsaft, sød, koncentreret",724,"0,5","0,5",41,40,0,0,"57,8",173,
"Kiwi, rå",253,1,"0,8","13,6",0,"2,7",0,"84,4",60,
Klipfisk,424,"24,5","0,2",0,0,0,0,"57,3",101,
"Knude, rå",297,"16,4","0,5",0,0,0,0,82,71,
"Knudekål, glaskål, rå",106,"1,7","0,1","6,2",0,"3,6",0,91,25,
"Knækbrød, hvede-, fint",1670,"11,1","7,1","74,4",0,"5,1",0,"5,5",399,
"Knækbrød, hvede-, granhamstype",1572,13,"6,2",71,0,"9,5",0,7,376,
"Knækbrød, rug-, fint",1451,"10,7",2,78,0,"14,5",0,"6,6",347,
"Knækbrød, rug-, groft (Husmans)",1436,"9,5","2,2","78,8",0,"16,3",0,7,343,
Kogechokolade,2344,"5,7","34,3",58,50,"0,9",0,"0,7",560,
Kogt oksebryst,1175,21,"22,1",0,0,0,0,"55,5",281,
Kokosfedt,3700,0,100,0,0,0,0,0,884,
"Kokosfedt, Palmin",3700,0,100,0,0,0,0,0,884,
Kokosmel,2833,"6,4","65,7","23,9",0,"12,6",0,"2,3",677,
"Kokosnød, rå",1553,"4,4","36,5","14,9",0,14,0,"41,2",371,
"Konfektureprodukt, skumvare, uspec.",1467,"5,2","0,9","79,2",,"0,1",0,"14,7",351,
"Kongeål (pighaj), rå",654,"19,1","8,9",0,0,0,0,"69,7",156,
"Koriander, blade, friske",92,"2,1","0,5","3,7",0,"2,8",0,"92,2",22,
"Koriander, blade, tørrede",1342,"21,9","4,8","52,1",0,"10,4",0,"7,3",321,
"Koriander, frø",1426,"12,4","17,8","54,9",0,"41,9",0,"8,9",341,
"Krabbe, kogt",543,"20,1","5,2","0,5",0,0,0,"72,5",130,
"Krabbekløer, konserves",475,"22,9","1,8","1,1",0,0,0,"72,4",114,
"Krabbekløer, rå",475,"22,9","1,8","1,1",0,0,0,"72,4",114,
"Krebs, rå",287,"14,6","0,5","1,2",0,0,0,"82,5",69,
Krydder,1593,"9,3","5,8","73,5",0,"3,3",0,"7,8",381,
"Kråse, kylling, rå",475,"18,2","4,2","0,6",,0,0,"76,2",114,
"Kuller, paneret, stegt",827,25,10,2,0,"0,2",0,62,198,
"Kuller, rå",358,"18,9",1,0,0,0,0,"80,4",86,
"Kulmule, rå",295,"16,5","0,4",0,0,0,0,82,71,
"Kumquat, guldorange, dværgappelsin, rå",273,"1,1","1,5",14,0,"4,4",0,"82,9",65,
"Kvark, 45+",820,"11,2","15,4","3,5",0,0,0,"69,2",196,
"Kvark, 45+, med vanille",813,"7,9",15,"7,3","4,1",0,0,67,194,
"Kvark, 5+",277,"11,9","0,4","3,5",0,0,0,"83,2",66,
"Kvæde, rå",254,"0,4","0,1","15,3",0,"1,9",0,"83,8",61,
"Kylling, bryst (filet), kogt, pålæg",475,"20,6","3,2","0,4",,0,0,"72,4",114,
"Kylling, bryst, kød og skind, rå",621,"21,5","6,9",0,0,0,0,70,148,
"Kylling, kød og skind, friturestegt",1101,"28,3","16,3",1,0,0,0,"53,6",263,
"Kylling, kød og skind, grillstegt",816,"24,5","10,8",0,0,0,0,62,195,
"Kylling, kød og skind, paneret, friturestegt",1183,"22,5","17,4","9,4",0,"0,3",0,"49,4",283,
"Kylling, kød og skind, rå",756,"18,8","11,8",0,0,0,0,"69,6",181,
"Kylling, kød, rå",551,20,"5,7",0,0,0,0,74,132,
"Kylling, lår, kød og skind, rå",651,"18,9","8,9",0,0,0,0,71,156,
"Kylling, vinge, kød og skind, rå",778,"19,2","12,2",0,0,0,0,67,186,
"Kyllingepølse, pålæg",806,"12,8",15,"2,1",,"0,2",0,"66,9",193,
Kærnemælk,153,"3,4","0,5","4,5",0,0,0,"90,8",37,
Kærnemælk med citronsaft,217,"3,3","0,5","8,4",4,0,0,"86,6",52,
"Kødboller, dybfrost",679,"10,5","9,4",9,0,0,0,67,162,
"Kødboller, konserves",525,"7,1","9,6","2,9",0,0,0,"78,5",125,
"Kødextrakt, flydende, Bovril",740,"39,1","0,7","2,9",0,0,0,"38,7",177,
"Kødextrakt, terning",1004,16,"8,9","23,7",0,0,0,"3,3",240,
Kødpølse,1110,"10,5","23,6","3,6",,"0,3",0,59,265,
"Kødpølse, fedtreduceret",426,10,"3,4",8,0,"0,6",0,74,102,
"Kørvel, hakket, dybfrost",105,"2,2","0,6","3,7",0,2,0,"93,1",25,
"Kørvel, rå",247,"4,1","0,6","10,2",0,2,0,"81,6",59,
"Kålrabi (kålroe), rå",141,1,"0,1","8,6",0,"2,9",0,"89,6",34,
"Lakrids, salt",1507,"4,4",1,"82,1",36,0,0,"10,4",360,
"Lakrids, sød",1463,"3,6",2,"78,1",41,0,0,"14,1",350,
"Lakrids, uspec.",1525,"3,7","1,2","83,4",48,0,0,"10,7",364,
Lakridskonfekt,1674,"2,3","6,2","82,7",50,0,0,"7,5",400,
"Laks, gravad",748,"21,2","9,2","2,8","2,8",0,0,61,179,
"Laks, konserves",648,"20,3","8,2",0,0,0,0,"68,9",155,
"Laks, røget, udskåret",675,"21,4","8,4",0,0,0,0,"63,1",161,
"Laks, rå",742,"19,9","10,9",0,0,0,0,"68,2",177,
"Laks, saltet",1202,"31,1","18,2",0,0,0,0,68,287,
"Lammebrissel, rå",549,"15,3","7,8",0,0,0,0,"75,5",131,
"Lammekød, bov, rå",807,"18,5","13,3",0,0,0,0,"67,4",193,
"Lammekød, bryst, råt",1523,"14,5","34,5",0,0,0,0,"50,2",364,
"Lammekød, kølle, afpudset, rå",547,"20,2","5,5",0,0,0,0,"73,8",131,
"Lammekød, kølle, med fedt, rå",836,"18,5","14,1",0,0,0,0,"66,5",200,
"Lammekød, kølle, uspec., rå",704,"20,1","9,8",0,0,0,0,"69,1",168,
"Lammekød, rygstykke, råt",1401,"15,8","30,6",0,0,0,0,"52,4",335,
"Lammekød, slag, råt",1523,"14,5","34,5",0,0,0,0,"50,2",364,
"Lammekød, uspec., råt",1377,"14,6","30,5",0,0,0,0,"54,4",329,
"Lange, filet, rå",344,"19,8","0,2",0,0,0,0,"79,2",82,
"Letmælk, konventionel (ikke-økologisk)",202,"3,5","1,6","4,9",0,0,0,"89,3",48,
"Letmælk, økologisk",202,"3,5","1,6","4,9",0,0,0,"89,3",48,
Letmælksyoghurt med saft,312,"3,3","1,6","11,6",4,0,0,"82,6",75,
"Lever, ande, rå",548,"18,7","4,6","3,5",0,0,0,"71,8",131,
"Lever, gåse, rå",545,"16,4","4,3","6,3",0,0,0,"71,8",130,
"Lever, høne, rå",570,"22,1","4,7","1,2",0,0,0,"70,3",136,
"Lever, kalv, rå",502,19,3,4,0,0,0,73,120,
"Lever, kylling, rå",493,"19,1","4,1",1,0,0,0,"74,9",118,
"Lever, okse, rå",533,"20,3",3,"4,5",0,0,0,72,127,
"Lever, svin, rå",524,"21,1","3,4","2,3",0,0,0,72,125,
Leverpostej,989,11,"19,2","5,6",0,"0,4",0,"62,1",236,
"Leverpostej, fedtreduceret",636,10,"6,7",13,,"0,3",0,68,152,
Leverpølse,1625,"13,4","35,8","4,3",0,"0,1",0,"43,6",388,
Levertran (Sej),3696,0,"99,9",0,0,0,0,,883,
"Likør, Advocaat",1047,"4,3","5,8","24,7","24,7",0,"11,7","52,1",250,
"Likør, brun cacao",1452,0,0,53,,0,19,76,347,
"Likør, Cherry Brandy",987,0,0,"28,4","28,4",0,"17,4","52,1",236,
"Likør, Crème de Menthe",1582,0,"0,3","41,6","41,6",0,"29,8","28,3",378,
"Likør, Curacao",1266,0,0,"26,9","26,9",0,"27,9","45,6",303,
"Likør, kaffe",1438,"0,1","0,3","46,8","46,8",0,"21,7",31,344,
"Likør, kaffe med fløde",1384,"2,8","15,7","20,9",20,0,"13,8","46,5",331,
"Likør, uspec.",1122,0,0,29,29,0,"21,7",48,268,
"Lime, rå",173,"0,7","0,2","10,5",0,"2,8",0,"88,3",41,
"Limonadeis, uspec.",413,0,"2,1","19,7",,0,0,"78,1",99,
"Linser, tørrede, uspec.",1468,"26,2","2,5","59,3",0,"8,7",0,"9,7",351,
"Linsespirer, rå",523,9,"0,6","22,1",0,"3,1",0,"67,3",125,
"Litchi, lichiblomme, kinesisk blomme, rå",297,"0,8","0,4","16,5",0,"1,3",0,"81,8",71,
"Loganbær, frosne",210,"1,5","0,3",13,0,"5,3",0,"84,6",50,
"Loquat, japansk mispel, rå",205,"0,4","0,2","12,1",0,"1,7",0,"86,7",49,
"Lubbe, rå",347,"19,1","0,6",0,0,0,0,"79,1",83,
"Lucerne, alfalfa, frø",1702,"35,1","12,6","41,8",0,"7,9",0,"7,4",407,
"Lucernespirer, rå",113,4,"0,7","2,1",0,"1,9",0,"92,8",27,
"Læskedrik (light), koncentreret (1+10), uden tilsat sukker, uspec.",0,0,0,0,0,0,0,"96,9",0,
"Læskedrik, koncentreret (1+5), tilsat sukker, uspec.",1071,0,0,63,"62,4",0,0,"36,4",256,
"Løg, hakkede, dybfrost",117,"0,8","0,1","6,8",0,"1,8",0,92,28,
"Løg, ristede",2510,6,48,39,0,"3,4",0,5,600,
"Løg, rå",191,"1,6","0,3",10,0,"1,9",0,"87,7",46,
Madeira,692,0,0,10,10,0,18,70,165,
"Majroe, rå",110,"0,6","0,1","6,7",0,2,0,92,26,
"Majs, kerner, dybfrost",472,"3,3","1,4","22,6",0,"2,2",0,72,113,
"Majs, kerner, konserves",428,"3,1","1,1",21,0,"2,5",0,"73,8",102,
"Majskolbe, rå",383,"3,7","1,8","16,4",0,"2,8",0,"77,5",92,
Majsmel,1528,"6,8","2,8","78,7",0,"3,2",0,"11,1",365,
Majsolie,3700,0,100,0,0,0,0,0,884,
Majsstivelse,1534,"0,4","0,6","88,8",0,"0,5",0,"10,2",367,
"Makaroni, spaghetti, fuldkorns-, rå",1490,"13,1","2,9","73,3",0,"9,6",0,"9,3",356,
"Makaroni, spaghetti, kogt",573,5,"0,4","28,9",0,2,0,"67,4",137,
"Makaroni, spaghetti, rå",1539,"12,3","1,8",76,0,"3,2",0,"9,5",368,
"Makrel i tomat, konserves",825,"14,4","15,5","0,5",0,"0,2",0,"67,8",197,
"Makrel, filet, naturel, konserves",943,"19,8","16,4",0,0,0,0,"62,3",225,
"Makrel, røget",1220,"18,9","24,3",0,0,0,0,"55,7",292,
"Makrel, rå",1210,"18,1","24,4",0,0,0,0,"56,6",289,
"Mandarin, konserves",257,"0,5","0,3","14,3",0,"0,6",0,"84,5",61,
"Mandarin, rå",201,"0,9","0,3","10,9",0,"1,2",0,"87,5",48,
"Mandel, rå",2214,"20,5","39,1","29,5",0,"9,2",0,8,529,
"Mangofrugt, mangoblomme, mangga, rå",282,"0,5","0,5",16,0,"1,9",0,"81,7",67,
"Maniok, cassava, rå",666,"1,4","0,3","38,1",0,"1,8",0,"59,7",159,
Marcipan,1997,11,"26,5","50,4",40,3,0,"10,8",477,
"Marcipanprodukt, m/chokolade, uspec.",2019,"4,9","25,7",59,,2,0,"9,3",483,
"Margarine, 70 %, bordbrug, blød, vegetabilsk fedt",2634,"0,8","70,6","0,5",0,0,0,"26,1",630,
"Margarine, 80 %, bordbrug, blød, vegetabilsk fedt",2975,"0,8","79,8","0,5",0,0,0,16,711,
"Margarine, 80 %, bordbrug, vegetabilsk fedt",3004,"0,8","80,6","0,5",0,0,0,16,718,
"Margarine, 80 %, stegning/bagning, vegetabilsk fedt",2971,"0,1","80,2","0,1",0,0,0,16,710,
"Maribo, 30+",1120,"29,1","16,4","1,1",0,0,0,"49,8",268,
"Maribo, 45+",1504,"26,6",28,"0,9",0,0,0,"41,3",359,
Mariekiks,1802,"7,4","11,9","74,3",20,3,0,"4,4",431,
"Marmelade, engelsk type",1133,"0,1",0,"66,9",65,"0,7",0,"30,5",271,
"Marmelade, uspec.",868,"0,5","0,5",50,52,1,0,47,207,
Mayonnaise,2980,"1,1",80,"0,1",0,0,0,"16,4",712,
"Mayonnaise, fedtreduceret",2036,"0,5","51,3","7,6",0,0,0,39,487,
"Medisterpølse, røget",1181,"11,3",25,"3,9","1,6","0,3",0,"56,8",282,
"Medisterpølse, rå",905,"12,3","17,3","3,4","1,6","0,2",0,"64,1",216,
"Melbanan, grønsagsbanan, plantain, rå",558,"1,3","0,4","31,9",0,"2,3",0,"65,3",133,
"Melboller, uspec.",765,"5,4","11,6",16,0,"3,1",0,66,183,
"Minarine, 30 %, vegetabilsk fedt",1133,"0,5","30,2","0,4",0,0,0,"66,7",271,
"Minarine, 40 %, vegetabilsk fedt",1543,"0,5","41,3","0,4",0,0,0,"56,5",369,
"Mineralvand, dansk vand o.lign.",0,0,0,0,0,0,0,"99,9",0,
"Mineralvand, sodavand, Cola",173,0,0,"10,2","10,9",0,0,"89,7",41,
"Mineralvand, sodavand, tilsat sukker, uspec.",168,0,0,"9,9","9,8",0,0,90,40,
"Mineralvand, sodavand, uden tilsat sukker, uspec.",0,0,0,0,0,0,0,"99,9",0,
"Miso, sojapasta",700,"10,5","4,6","23,5",0,"5,4",0,53,167,
"Modermælk, colostrum",242,2,"2,6","6,6",,0,0,"88,2",58,
"Modermælk, moden",296,"1,3","4,1","7,2",,0,0,"87,1",71,
"Modermælk, overgangsmælk (10. dag efter fødslen)",280,"1,5","3,7","6,9",,0,0,"87,4",67,
"Mozzarella, 30+",1165,"28,9","17,7","1,1",0,0,0,"49,7",278,
"Mozzarella, 45+",1354,"24,1","25,1","0,9",0,0,0,"47,3",324,
"Mungbønner, tørrede, rå",1380,"23,9","1,2","62,6",0,15,0,"9,5",330,
"Muskatnød, hel",2093,"5,8","36,3","49,3",0,"20,8",0,"6,2",500,
"Musling, kogt",697,"23,8","4,5","7,4",0,0,0,"61,2",167,
"Musling, konserves",432,17,3,"1,9",0,0,0,"75,1",103,
"Musling, rå",347,"11,9","2,2","3,7",0,0,0,"80,6",83,
"Mycella, 50+",1482,"21,6","29,8","0,7",0,0,0,"43,6",354,
"Mynster, 50+",1617,"23,7","32,4","0,9",0,0,0,"39,6",386,
"Myseost, 33+",1820,15,27,"33,3",0,0,0,25,435,
Müsli med tilsat sukker.,1560,12,"6,3","70,7","3,5","8,8",0,9,373,
Müsli uden tilsat sukker.,1560,12,"6,3","70,7","3,5","8,8",0,9,373,
"Müsli, uspec.",1569,12,"6,5","70,7","3,5","8,6",0,"10,2",375,
"Mælkebøtte, blade, rå",207,3,1,8,0,"1,9",0,85,49,
"Mælkeis, uspec.",587,4,3,24,"21,5",0,0,"68,1",140,
Mørk chokolade,2242,"5,7","29,1","63,3","55,9","0,9",0,"0,7",536,
"Nektarin, rå",195,"1,1","0,3","10,6",0,"1,7",0,"87,6",47,
"Netmelon, rå",107,"0,8","0,2","5,6",0,1,0,93,26,
Nougat,2296,"8,7","32,3","56,3",,"0,4",0,1,549,
Nougatis,778,4,10,20,18,0,0,"64,9",186,
"Nyre, kalv, rå",341,"16,4","1,6","0,2",0,0,0,77,82,
"Nyre, okse, rå",384,"15,6","2,8","0,9",0,0,0,"75,9",92,
"Nyre, svin, rå",402,16,3,"1,1",0,0,0,"78,1",96,
"Nøddepasta, Nutella",2192,7,30,59,55,"4,5",0,2,524,
"Okra, gumbo, rå",128,2,"0,1",7,0,"3,2",0,"90,2",31,
"Oksekød, culotte, rå",896,"19,4","15,3",0,0,0,0,"64,8",214,
"Oksekød, entrecote med kappe, rå",1098,"18,2","21,3",0,0,0,0,"59,5",262,
"Oksekød, hakket, lavt fedtindhold, råt",704,"20,5","9,6",0,0,0,0,70,168,
"Oksekød, hakket, råt",920,"19,3",16,0,,0,0,"65,5",220,
"Oksekød, højrebsfilet med kappe, rå",972,"19,5","17,3",0,0,0,0,"62,2",232,
"Oksekød, højrebsfilet, afpudset, rå",566,"22,4",5,0,0,0,0,"71,6",135,
"Oksekød, inderlår med kappe, rå",677,"21,1","8,6",0,0,0,0,"69,3",162,
"Oksekød, inderlår uden kappe, rå",472,"22,3","2,5",0,0,0,0,"74,2",113,
"Oksekød, klump uden kappe, rå",538,"21,2","4,8",0,0,0,0,73,129,
"Oksekød, lårtunge, rå",606,"21,5","6,5",0,0,0,0,71,145,
"Oksekød, mellemskært, råt",687,"20,8",9,0,0,0,0,"69,2",164,
"Oksekød, mørbrad, afpudset, rå",594,20,"6,4",1,0,0,0,"72,7",142,
"Oksekød, skank (osso-buco), rå",586,"21,4",6,0,0,0,0,"71,6",140,
"Oksekød, slag, råt",1387,"16,1","30,1",0,0,0,0,"52,8",332,
"Oksekød, spidsbryst, råt",893,"17,6","15,6",1,0,0,0,"65,4",213,
"Oksekød, tværreb, råt",1388,"16,6","29,9",0,0,0,0,"53,8",332,
"Oksekød, tykbov (marvpibebov), rå",760,"19,9","11,4",0,0,0,0,"67,7",182,
"Oksekød, tykbryst, råt",1354,"15,9","29,3",0,0,0,0,"53,8",324,
"Oksekød, tykkam, rå",824,"19,5","13,3",0,0,0,0,"66,3",197,
"Oksekød, tykstegsfilet med kappe, rå",732,"20,4","10,4",0,0,0,0,"69,2",175,
"Oksekød, tykstegsfilet uden kappe, rå",515,"21,8","3,9",0,0,0,0,"73,3",123,
"Oksekød, tyndbov + mellembov, rå",852,"19,2","14,2",0,0,0,0,"65,6",204,
"Oksekød, tyndbryst, råt",1318,17,"27,8",0,0,0,0,"54,2",315,
"Oksekød, tyndsteg med mørbrad, rå",878,"20,3","14,4",0,0,0,0,"64,3",210,
"Oksekød, tyndstegsfilet med fedtkant, rå",908,"20,3","15,2",0,0,0,0,"63,5",217,
"Oksekød, uspec., fedt, råt",1330,"16,4","28,4",0,0,0,0,"54,2",318,
"Oksekød, uspec., helt magert, råt",528,"21,7","4,3",0,0,0,0,"73,2",126,
"Oksekød, uspec., magert, råt",647,"21,1","7,8",0,0,0,0,"70,8",155,
"Oksekød, uspec., middelfedt, råt",860,"19,7","14,2",0,0,0,0,"65,4",206,
"Oksekød, yderlår, råt",593,"21,4","6,2",0,0,0,0,"71,4",142,
Oksetalg,3600,5,95,0,0,0,0,0,860,
"Oliven, grønne, marinerede, konserves",558,1,"11,7","7,6",0,"2,4",0,"75,8",133,
"Oliven, sorte, saltede, i olie",1476,"2,2","35,8","8,7",0,"3,8",0,"43,8",353,
"Oliven, sorte, uden sten, i saltlage",465,1,"9,8","7,3",,"4,3",0,"79,4",111,
Olivenolie,3700,0,100,0,0,0,0,0,884,
"Ost, blå- og hvidskimmel, 70+",1860,"12,4","44,1",1,0,0,0,40,445,
"Ost, fast, 20+, alle typer",931,"30,2",11,"0,6",0,0,0,54,223,
"Ost, fast, 30+, alle typer",1099,"28,7",16,"1,1",0,0,0,"49,8",263,
"Ost, fast, 40+, alle typer",1297,"25,7","22,6","1,4",0,0,0,"47,2",310,
"Ost, fast, 45+, alle typer",1392,"24,8","25,8","0,9",0,0,0,"44,4",333,
"Ostekiks, Cream Crackers",1885,"9,5","16,3","68,2","1,6","4,3",0,"4,3",451,
"Paksoi, pak-choi, pai tsai, rå",61,"1,5","0,2","2,2",0,1,0,"95,3",15,
Palmekerneolie,3700,0,100,0,0,0,0,0,884,
Palmeolie,3700,0,100,0,0,0,0,0,884,
"Papaya, mamaja, træmelon, rå",208,"0,7","0,3",12,0,"2,1",0,"86,5",50,
"Paradisæble, råt",352,"0,4","0,3",20,0,"0,6",0,"78,9",84,
Paranød,2847,15,65,"13,8",0,"5,3",0,"2,6",680,
"Parmesan, 32+",1488,"33,6","24,1","1,5",0,0,0,"36,7",356,
"Parmesan, revet",1782,"38,5","28,6","4,1",0,0,0,"20,8",426,
"Passionsfrugt, grenadil, rå",367,"2,2","0,7","23,4",0,"10,4",0,"72,9",88,
"Pastiller, med sukker, uspec.",1576,"4,4","1,6","84,8",,0,0,"7,4",377,
"Pastiller, sukkerfri, uspec.",1589,1,"1,1","90,1",,0,0,"6,3",380,
"Pastinak, rå",262,"2,1","0,5","14,6",0,"4,5",0,"81,7",63,
"Paté, pålæg",1065,13,"21,7","2,5",,"0,2",0,"60,1",255,
"Peanuts, (jordnød, ristet og saltet)",2612,"24,6","53,3","17,1",0,"7,7",0,2,624,
"Peber, chili, konserves",112,"0,9","0,1","6,1",0,"1,2",0,"92,5",27,
"Peber, chili, rå",187,2,"0,2","9,5",0,"1,8",0,"87,7",45,
"Peber, hvid",1285,"10,4","2,1","74,5",0,"26,2",0,"11,4",307,
"Peber, sort",1278,11,"3,3",71,0,"26,5",0,"10,5",305,
"Peberfrugt, grøn, rå",88,"0,9","0,3","4,6",0,"1,8",0,"93,8",21,
"Peberfrugt, konserves",80,"0,8","0,3","3,9",0,"1,2",0,"91,3",19,
"Peberfrugt, rød, rå",127,"1,3","0,4","6,2",0,"1,7",0,"91,6",30,
"Peberrod, rå",438,"7,7","0,7","20,5",0,"7,5",0,"69,3",105,
"Pecannød, olieristet",3074,"9,2","75,2",13,0,"9,5",0,"1,1",735,
"Pecannød, tørret",2970,"9,2",72,"13,9",0,"9,6",0,"3,5",710,
"Pecannød, tørristet",3057,"9,5","74,3","13,6",0,"9,4",0,"1,1",731,
"Persille, rå",206,"3,7","1,2",8,0,"4,1",0,"85,2",49,
"Persillerod, rå",232,"2,3","0,6","12,3",0,"4,3",0,83,55,
"Pighvarre, rå",390,"16,4",3,0,0,0,0,"78,3",93,
"Pinjefrø, tørrede",2953,"13,7","68,4","13,1",0,"3,7",0,"2,3",706,
"Pistacienød, tørret",2376,"20,6","44,4",28,0,"10,3",0,4,568,
"Pistacienød, tørristet",2444,"21,4",46,"27,7",0,"10,3",0,2,584,
"Pizza napolitana, dybfrost",752,"8,6","6,1",24,,"3,1",0,"59,5",180,
"Pizza romana, dybfrost",734,"7,2","5,8",25,,"3,1",0,"60,5",175,
"Pizza, dybfrost, uspec.",786,"8,9","6,1","25,7",,"3,1",0,"57,6",188,
Pop Corn (poppede majskærner),2060,"9,6","24,3",63,0,"8,1",0,2,492,
"Pop corn, microovn",2153,"9,6","26,8",63,0,"8,1",0,2,515,
"Pop corn, traditionelle",1909,"9,6","20,2",63,0,"8,1",0,2,456,
"Porre, rå",158,"1,9","0,4","7,7",0,"2,2",0,"89,3",38,
Portvin,640,"0,1",0,"11,1",11,0,"15,5","71,8",153,
"Poulard, kød og skind, rå",863,19,"14,6",0,0,0,0,66,206,
Pumpernickel,852,"6,8","1,2",46,,10,0,45,204,
"Purløg, rå",109,"2,4","0,6",4,0,"2,4",0,"92,3",26,
"Pære, konserves",300,"0,3","0,2","18,2",10,"2,4",0,"81,2",72,
"Pære, rå",227,"0,3","0,3","14,1",0,"3,2",0,"85,1",54,
"Pølse, cervelatpølse",1134,"11,2","23,6","4,3",0,"0,3",0,56,271,
"Pølse, hot dog",1150,13,"23,5","3,6",0,"0,2",0,57,275,
Pølsebrød,1068,"8,7","3,8",48,0,4,0,"38,9",255,
"Pølser, cocktailpølser",1135,"13,4","23,2",3,0,"0,2",0,"57,1",271,
"Rabarber, dybfrost",108,"0,9","0,3","6,8",0,"3,8",0,"90,5",26,
"Rabarber, rå",108,"0,9","0,3","6,8",0,"3,8",0,"90,5",26,
"Radise, rå",48,"0,8","0,1","2,5",0,"1,3",0,"95,9",11,
Rapsolie,3700,0,100,0,0,0,0,0,884,
Rapsolie (lavt erucasyreindhold),3700,0,100,0,0,0,0,0,884,
Rasp,1488,"10,7","1,5","77,2",0,"6,9",0,10,356,
"Reje, dybfrost",326,"16,8","1,1",0,0,0,0,"80,9",78,
"Reje, kogt",461,24,"1,1","0,7",0,0,0,70,110,
"Reje, konserves",338,"16,5","1,2","0,8",0,0,0,"78,7",81,
"Remoulade, fedtreduceret, uspec.",1157,"0,8","23,5","16,4",10,"0,5",0,"57,1",277,
"Remoulade, uspec.",1643,"1,1","36,8","15,7",12,"0,5",0,"44,3",393,
"Ribs, rå",275,"1,3","1,7","13,4",0,"4,2",0,"83,8",66,
Ribsgele,1010,"0,2","0,1",59,57,0,0,"40,5",241,
"Ribssaft, sur, koncentreret",163,"0,5","0,5",8,0,0,0,"90,8",39,
"Ribssaft, sød, koncentreret",724,"0,5","0,5",41,40,0,0,"57,8",173,
"Ris, brune, rå",1541,9,"2,9","76,6",0,"2,4",0,"10,9",368,
"Ris, parboiled, rå",1526,"7,8","1,2","79,8",0,"0,9",0,"10,9",365,
"Ris, polerede, rå",1524,"8,4","1,2",79,0,"0,7",0,12,364,
"Risengryn, grødris, brune, rå",1536,"6,8","2,8","78,7",,"2,4",0,"10,6",367,
"Risengryn, grødris, polerede, rå",1528,"6,5","1,3","80,8",0,"0,5",0,11,365,
Risklid,1657,"13,4","20,9","49,7",0,21,0,"6,1",396,
Rismel,1527,"7,3","1,3","80,1",0,"0,8",0,"10,8",365,
Risstivelse,1459,"0,8",0,85,0,0,0,"14,2",349,
Roastbeef,504,"21,7","3,5","0,3",,0,0,"70,2",120,
Rom,1151,0,0,0,0,0,"39,7","60,3",275,
"Roquefort, 50+",1450,"20,1","29,5",1,0,0,0,"44,7",347,
"Rosenkål, dybfrost",196,"3,3","0,5","9,5",0,"4,5",0,"85,6",47,
"Rosenkål, efterår (oktober til december), rå",242,"4,8","0,5","10,5",0,"4,1",0,"83,1",58,
"Rosenkål, uspec., rå",221,"4,5","0,5","9,6",0,"4,1",0,"84,2",53,
"Rosenkål, vinter (januar til april), rå",213,"4,4","0,5","9,2",0,"4,1",0,"84,7",51,
Rosévin,297,"0,2",0,"1,4",0,0,"9,3","88,9",71,
Rosin uden kerner,1412,"3,5","1,6",78,0,"3,6",0,"15,2",337,
"Roulade, abrikos-",1363,"3,6","7,3","61,5",,"1,5",0,"26,1",326,
"Roulade, hindbær-",1420,"3,6","9,3","60,5",,"1,5",0,"25,6",339,
"Roulade, uspec.",1424,"3,6","8,9","61,6",22,"1,5",0,"24,6",340,
Rugbrød med fedtrige frø og hele kerner,942,"6,2","5,3",42,0,"8,2",0,44,225,
"Rugbrød, fuldkorn",855,5,"1,2",47,0,"8,1",0,45,204,
"Rugbrød, lyst",905,"6,2","1,3","48,1",0,"7,4",0,43,216,
"Rugbrød, mørkt",873,"5,7","1,3","47,4",0,"8,6",0,"44,8",209,
"Rugbrød, revet, med brunt sukker, uspec.",1473,"6,1",2,"81,4",40,"9,8",0,"7,4",352,
"Rugkerner, hele/knækkede",1417,9,"2,3","77,2",0,"14,8",0,"10,7",339,
"Rugmel, groft, fuldkornsrugmel",1412,"8,8","2,3","77,1",0,"14,8",0,"10,8",337,
"Rugmel, halvsigtet (udmalingsgrad ca. 85 %)",1414,"7,8","1,8",77,,"10,5",0,"11,9",338,
Rugsigtemel (udmalingsgrad ca. 70 %),1459,"6,1","1,4",80,,"6,3",0,"12,6",349,
Rullepølse,1129,"15,3","23,2","0,6",0,0,0,"56,9",270,
"Rullepølse, lammekød",1498,19,"31,7","0,1",0,0,0,"47,1",358,
Rundstykke,1245,"9,7","3,5","58,1",0,"4,1",0,"25,9",298,
"Rundstykke, spansk",1185,"9,4","2,5","56,6",0,"3,3",0,"28,5",283,
"Rygeost, 40+",623,"9,9","10,3","4,3",0,0,0,"75,6",149,
"Rygeost, 5+",302,"12,4","0,5","4,3",0,0,0,"82,6",72,
"Rype, kød, rå",474,"23,5",2,0,0,0,0,73,113,
"Ræddike, rå",81,1,"0,1","3,9",0,"0,7",0,"93,5",19,
"Rødbede, konserves",255,1,"0,3","14,4","3,4",2,0,"83,7",61,
"Rødbede, konserves, uden tilsat sukker",121,"0,9","0,1","7,2",0,"2,3",0,91,29,
"Rødbede, rå",213,"1,7","0,3","11,4",0,"2,3",0,"85,9",51,
"Røde linser, tørrede, rå",1510,"27,3","2,9","58,5",,"6,2",0,"9,1",361,
"Rødfisk, lille, filet, rå",390,"19,7","1,5",0,0,0,0,"76,7",93,
"Rødfisk, rå",363,"19,4","0,9",0,0,0,0,"79,2",87,
"Rødkål, konserves",318,1,"0,2","18,4",16,"2,1",0,"79,3",76,
"Rødkål, konserves, uden tilsat sukker",82,"0,5","0,1","5,5",0,"2,6",0,"92,8",20,
"Rødkål, rå",125,"1,5","0,2","6,5",0,2,0,"91,1",30,
"Rødspætte, filet, paneret, dybfrost",576,"11,9","1,1","20,1",0,1,0,"65,7",138,
"Rødspætte, filet, paneret, friturestegt",1057,"15,2","13,2","18,8",0,1,0,"51,3",253,
"Rødspætte, rå",365,"18,2","1,5",0,0,0,0,"79,3",87,
"Rødtunge, rå",343,"17,1","1,4",0,0,0,0,"80,2",82,
"Rødvin, rosévin, uden alkohol",63,"0,2",0,"3,5",,0,0,96,15,
"Rødvin, uspec.",304,"0,2",0,"1,5",0,0,"9,5","87,5",73,
Røget svinefilet,472,"19,4","3,7","0,3",0,0,0,"71,2",113,
Saccharin,15,"0,9",0,0,0,0,0,"8,8",4,
Safflowerolie (højt linolsyreindhold),3700,0,100,0,0,0,0,0,884,
Safflowerolie (højt oliesyreindhold),3700,0,100,0,0,0,0,0,884,
Sagogryn (kartoffelstivelse),1505,"0,2","0,3","88,1",0,"0,8",0,"11,2",360,
Salami,2107,"13,9",49,"3,4",0,0,0,"28,7",504,
"Salat, egeløv, rå",67,"1,4","0,2","2,8",0,"1,3",0,"95,1",16,
"Salat, endivie, bredbladet (escarole), rå",59,"1,3","0,2","3,4",0,"3,1",0,"93,8",14,
"Salat, endivie, kruset (frisee), rå",78,"1,3","0,2","3,3",0,"0,9",0,"93,8",19,
"Salat, hovedsalat, rå",93,"1,3","0,4",4,0,"1,3",0,"95,2",22,
"Salat, Iceberg, rå",65,1,"0,1","3,2",0,"1,1",0,"95,7",16,
"Salat, Radicchio rosso, rå",103,"1,4","0,3","4,5",0,"0,9",0,"93,1",25,
"Salat, Romaine, romersk, rå",69,"1,2","0,3","3,3",0,"2,1",0,"94,6",16,
Salt kød,423,"18,5","2,6","0,7",0,0,0,"73,1",101,
"Salt, bordsalt",0,0,0,0,0,0,0,"0,5",0,
"Salt, havsalt (ikke jodberiget)",0,0,0,0,0,0,0,4,0,
"Salt, stensalt, køkkensalt",0,0,0,0,0,0,0,"0,2",0,
"Samsø, 30+",1167,"30,1","17,2","1,1",0,0,0,"48,4",279,
"Samsø, 45+",1507,27,"27,9","0,9",0,0,0,"41,2",360,
"Sandart, rå",361,"19,2","0,7","0,5",0,0,0,78,86,
"Sardin, i olie, konserves",844,"24,6","11,5",0,0,0,0,"59,6",202,
"Sardin, i tomat, konserves",723,"16,4",12,0,0,0,0,"68,3",173,
"Sauce, barbeque",624,0,"0,3","36,3",10,"0,5",0,"60,3",149,
"Sauce, gravad laks",2313,"1,6",56,"12,6","10,3",0,0,28,553,
"Sauce, shaslik",384,1,0,22,19,"0,8",0,77,92,
"Savoykål, rå",113,2,"0,1","6,1",0,"3,1",0,91,27,
"Sej, filet, dybfrost",382,"20,5","0,9",0,0,0,0,77,91,
"Sej, filet, rå",339,"19,3","0,3",0,0,0,0,"79,5",81,
"Selleri, blade, rå",146,"1,8","0,3","8,2",0,"3,9",0,"88,7",35,
"Selleri, rod, rå",146,"1,8","0,3","8,2",0,"3,9",0,"88,7",35,
"Sennep, brun, færdiglavet",511,5,"3,1",20,5,"3,2",0,"67,6",122,
"Sennep, gul, færdiglavet",692,"5,7","6,4",22,"14,5","1,7",0,63,165,
"Sesamfrø, afskallede",2502,"21,9",51,"20,7",0,"12,1",0,"3,4",598,
"Sesamfrø, hele, tørrede",2377,"17,7","49,7","23,5",0,18,0,"3,8",568,
Sesamolie,3700,0,100,0,0,0,0,0,884,
"Sherry, medium",489,"0,1",0,"3,4",0,0,"14,8","80,5",117,
"Sherry, sød",565,"0,3",0,"6,5",0,0,"15,5",75,135,
"Sherry, tør",487,"0,2",0,"1,3",0,0,"15,9","80,8",116,
Sigtebrød,1054,"7,2","3,2","49,9",0,"3,9",0,"37,7",252,
Sigtemel,1486,"9,6",2,"75,8",0,"4,4",0,"11,7",355,
"Sild, høstsild, fedsild, rå",1031,"19,3",19,0,0,0,0,"60,3",246,
"Sild, marineret",1151,"11,9",17,"18,8",18,0,0,"49,3",275,
"Sild, marineret, i karrysauce",1181,"7,6","22,4","13,1",12,0,0,"54,3",282,
"Sild, marineret, i madeirasauce",966,14,16,8,8,0,0,58,231,
"Sild, marineret, kryddersild",955,"12,4","15,2","10,7",,0,0,"55,7",228,
"Sild, paneret, stegt, i lage",946,12,10,22,14,"0,2",0,,226,
"Sild, røget",805,"20,6","12,3",0,0,0,0,66,192,
"Sild, rå",844,"18,1","14,5",0,0,0,0,"67,3",202,
Sildepostej,1417,"11,1","33,1","0,2",,0,0,"52,6",339,
Sirup,1309,"0,3",0,"76,7",0,0,0,22,313,
"Skinke med skank, rå",1103,17,22,0,0,0,0,"60,8",264,
"Skinke, hoftestykke, helt afpudset, råt",426,"20,7",2,0,0,0,0,"60,8",102,
"Skinke, inderlår, helt afpudset, rå",445,"21,6","2,1",0,0,0,0,"75,2",106,
"Skinke, kogt, konserves",467,"15,7","5,4",0,0,0,0,"74,7",112,
"Skinke, kogt, skiveskåret",456,"17,9",4,"0,2",,0,0,"73,5",109,
"Skinke, røget",964,"28,4",13,0,0,0,0,"52,6",230,
"Skinke, røget, kogt",829,"18,3",14,0,0,0,0,"65,1",198,
"Skinke, yderlår, helt afpudset, råt",493,"20,5","3,9",0,0,0,0,"74,8",118,
"Skinkeculotte (yderlår), ca. 5 mm spæk, råt",837,"19,2","13,8",0,0,0,0,"66,1",200,
"Skinkemignon, lårtunge, helt afpudset, rå",494,"19,9","4,2",0,0,0,0,"75,3",118,
"Skinkemignon, rå",494,"19,9","4,2",0,0,0,0,"75,3",118,
"Skinkeschnitzel, inderlår, rå",445,"21,6","2,1",0,0,0,0,"75,2",106,
"Skinkesteg uden svær, helt afpudset, rå",475,"20,3","3,5",0,0,0,0,"75,4",114,
"Skorzonnerrod, rå",350,"3,3","0,2","18,6",0,"3,3",0,77,84,
"Skrubbe, rå",367,"18,1","1,6",0,0,0,0,"79,3",88,
Skummetmælk,150,"3,5","0,3","4,7",0,0,0,"90,8",36,
Skummetmælk 0.5 % fedt (Minimælk),158,"3,5","0,5","4,7",0,0,0,"90,6",38,
"Skummetmælk, økologisk",150,"3,5","0,3","4,7",0,0,0,"90,8",36,
Skummetmælkspulver,1529,"36,2","0,8",52,0,0,0,"3,2",365,
"Skærekage, chokoladekage/-pie",1802,"5,3","23,5","50,1",,1,0,"19,4",431,
"Skærekage, citronkage",1792,"4,6","21,3",55,,1,0,"17,9",428,
"Skærekage, formkage, uspec.",1800,"4,9","22,3",53,,1,0,"18,3",430,
"Skærekage, mazarinkage",2050,"5,2","31,2",48,,1,0,"14,2",490,
"Skærekage, sandkage",1854,"6,1",25,"49,1",,1,0,"18,1",443,
"Smelteost, 20+",950,"28,4","12,4","0,5",0,0,0,"54,4",227,
"Smelteost, 30+",1070,"26,4","16,5","0,6",0,0,0,"53,7",256,
"Smelteost, 45+",1328,"24,2","24,5","0,6",0,0,0,"46,6",317,
"Smør, saltet",3030,"0,5","81,4","0,6",0,0,0,"15,6",724,
"Smør, usaltet",3071,"0,5","82,5","0,6",0,0,0,"16,7",734,
"Smørbart blandingsprodukt, 80% fedt",3003,"0,4","80,8","0,4",0,0,0,"17,1",718,
"Småkage, finsk brød",2224,"5,6","31,2","58,9",,3,0,3,532,
"Småkage, uspec.",2107,"5,3","26,1","63,4",,3,0,"4,5",504,
"Småkage, vanillekranse",2191,"4,7","28,8","63,1",,3,0,"2,1",524,
"Snacks, ekspanderet, kartoffelbasis",2051,"4,6","25,1",63,,3,0,3,490,
"Snacks, ekspanderet, majsbasis",2098,"7,4","25,7",62,,"3,6",0,2,501,
"Snacks, ekstruderet, majsbasis",2246,9,"32,1",54,,"1,4",0,2,537,
"Snaps, 40 % vol., uspec.",974,0,0,"0,5",0,0,"33,3","66,2",233,
"Snaps, krydder-, uspec.",936,0,0,"0,5",0,0,32,"67,5",224,
Softrugbrød (uden fedtrige frø),885,"4,9","1,4",48,0,"7,3",0,44,212,
Softrugbrød med fedtrige frø og hele kerner,1004,"6,9","6,5",42,0,"7,5",0,43,240,
Soja sauce,239,"6,3",0,"8,2",,"0,8",0,"70,8",57,
"Sojabønner, tørrede",1718,"35,8","18,4",34,0,"16,6",0,7,411,
"Sojadrik, kommercielt tilberedt",182,"3,1","2,4","2,5","2,2","0,2",0,89,43,
Sojamel,1879,"37,2","22,2","30,5",0,"10,4",0,"5,1",449,
Sojaolie,3700,0,100,0,0,0,0,0,884,
"Solbær, rå",319,"1,5","1,3","17,5",0,"5,8",0,79,76,
"Solbær, syltede",849,"0,6","0,4",49,44,1,0,"49,8",203,
Solbærmarmelade,858,"0,5","0,4","49,6",45,1,0,47,205,
"Solbærsaft, sur, koncentreret",214,"0,5","0,5",11,0,0,0,"87,8",51,
"Solbærsaft, sød, koncentreret",843,"0,5","0,5",48,46,0,0,"50,8",201,
Solsikkebrød,1131,9,"5,1","49,1",0,5,0,"34,9",270,
"Solsikkefrø, afskallede, tørrede",2691,"19,9","56,4","17,1",0,"2,7",0,"3,7",643,
Solsikkeolie,3700,0,100,0,0,0,0,0,884,
Sorbitol,1700,0,0,100,0,0,0,,406,
"Sortmund, blåhvilling, filet, rå",337,"18,1","0,8",0,0,0,0,"80,5",81,
Spegepølse,1905,"16,3",44,0,0,0,0,"34,6",455,
"Spegepølse, oksekød",1681,"20,1","36,2",0,0,0,0,"36,6",402,
Spegesild,1062,"11,3","23,5",0,0,0,0,"52,4",254,
"Sperling, kød, rå",352,"18,5",1,0,0,0,0,80,84,
"Spidskål, rå",113,"2,1","0,3","4,9",0,"1,9",0,"91,9",27,
"Spinat, hakket, dybfrost",86,"2,1","0,5","2,9",0,2,0,"92,9",21,
"Spinat, rå",107,"2,6","0,6","3,4",0,"1,9",0,"91,7",26,
"Spirituosa, gennemsnitlige værdier",963,0,0,"0,5",0,0,"32,9","66,6",230,
"Sprængt nakke, svinekød",1095,"19,5","20,6","0,1",,0,0,"57,3",262,
"Spædbørnsmad, modermælkserstatning, højt jernindhold, pulver",2114,"11,3","25,9","56,7",,0,0,"4,2",505,
"Squash, alle typer, rå",67,"1,4","0,2","2,7",0,"1,1",0,"94,9",16,
"Squash, zucchini, rå",67,"1,2","0,2","2,9",0,"1,1",0,"94,6",16,
"St. Paulin, 50+",1540,"23,5","30,4","0,9",0,0,0,"42,1",368,
"Stenbider, røget",1577,"17,7","34,5",0,0,0,0,"40,5",377,
"Stenbider, rå",692,"9,8","14,2",0,0,0,0,"74,6",165,
"Stikkelsbær, rå",180,"0,9","0,6","10,1",0,"3,2",0,"87,9",43,
"Sukker, brun farin",1624,0,0,"95,5",94,0,0,"2,5",388,
"Sukker, demerara",1697,"0,5",0,"99,3","99,3",0,0,0,406,
"Sukker, stødt melis (saccharose)",1698,0,0,"99,9","99,9",0,0,"0,1",406,
"Sukkerært (mangetout), rå",183,"3,4","0,4","7,8",,"2,5",0,"87,7",44,
Surbrød,1051,7,"3,2","49,9",0,"3,9",0,"37,7",251,
"Svenbo, 45+",1565,"27,6","29,2","0,9",0,0,0,"39,1",374,
"Sveske, rå",1080,"2,7","0,7","63,3",0,"7,6",0,"31,2",258,
"Svinebov med svær, rå",797,"18,8","12,9",0,0,0,0,"67,9",190,
"Svinebov til fars, ca. 16 % fedt, rå",898,18,16,0,0,0,0,"66,1",215,
"Svinebov, helt afpudset, rå",540,"20,2","5,3",0,0,0,0,74,129,
"Svinebryst, kogestykke med svær, rå",1054,"17,6","20,4",0,0,0,0,"61,5",252,
"Svinebryst, kogestykke uden svær, ca. 2 mm spæk, rå",952,"17,7","17,6",0,0,0,0,"64,2",228,
"Svinebryst, kogestykke, helt, saltet",1550,15,35,0,0,0,0,"44,5",370,
"Svinebryst, slag, rullesteg, råt",905,"18,2","16,1",0,0,0,0,"65,2",216,
"Svinebryst, stegestykke med svær, rå",1382,16,30,0,0,0,0,"53,6",330,
"Svinebryst, stegestykke, helt, saltet",1094,"15,9","21,9","0,8",0,0,0,"58,4",261,
"Svinebryst, stegestykke, uden svær, ca. 2 mm spæk, rå",1260,"15,8","26,8",0,0,0,0,57,301,
"Svinefedt, afsmeltet",3663,0,99,0,0,0,0,1,875,
"Svinefedt, afsmeltet, Raffinol",3663,0,99,0,0,0,0,1,875,
"Svinefilet, helt afpudset, rå",448,"22,2","1,9",0,0,0,0,"74,7",107,
"Svinekam med svær, rå",1005,"19,3","18,3",0,0,0,0,"62,6",240,
"Svinekam uden svær, ca. 3 mm spæk, rå",791,20,"12,2",0,0,0,0,"67,1",189,
"Svinekam uden svær, rå",791,20,"12,2",0,0,0,0,"67,1",189,
"Svinekotelet, fadkotelet, rå",733,"20,7","10,3",0,0,0,0,"68,5",175,
"Svinekød , mellemkam med svær, rå",1005,"19,3","18,3",0,0,0,0,"62,6",240,
"Svinekød, bagskank uden svær, rå",609,"19,5","7,5",0,0,0,0,"72,6",146,
"Svinekød, bov i tern, rå",540,"20,2","5,3",0,0,0,0,74,129,
"Svinekød, bovsteaks, rå",775,"19,9","11,8",0,0,0,0,"67,6",185,
"Svinekød, filet royal af svinefilet, rå",420,"22,3","1,1",0,0,0,0,"75,7",100,
"Svinekød, flæskesteg af nakkekam med svær, rå",1113,"16,5","22,5",0,0,0,0,"60,6",266,
"Svinekød, flæskesteg af svinekam med svær, rå",1005,"19,3","18,3",0,0,0,0,"62,6",240,
"Svinekød, hakket, ca.  6% fedt, råt",594,"21,2","6,3",0,0,0,0,"71,7",142,
"Svinekød, hakket, højt fedtindhold, råt",948,"18,3","17,2",0,0,0,0,"64,7",227,
"Svinekød, hakket, lavt fedtindhold, råt",724,"19,5","10,6",0,0,0,0,"69,6",173,
"Svinekød, halssnitte, rå",2074,11,51,0,0,0,0,"36,3",496,
"Svinekød, kæbeklump, rå",550,"21,5",5,0,0,0,0,"72,7",131,
"Svinekød, medaillon af svinefilet, rå",427,"22,3","1,3",0,0,0,0,"75,5",102,
"Svinekød, mørbrad royal, rå",431,"22,3","1,4",0,0,0,0,"75,4",103,
"Svinekød, mørbradstykke, helt afpudset, råt",498,"21,7","3,5",0,0,0,0,"74,2",119,
"Svinekød, nakkefilet, helt afpudset (Nakkekotelet), rå",757,18,"12,2",0,0,0,0,"69,6",181,
"Svinekød, nakkekam med svær, rå",1113,"16,5","22,5",0,0,0,0,"60,6",266,
"Svinekød, nakkekotelet, rå",758,20,"11,3",0,0,0,0,68,181,
"Svinekød, revelsben, rå",1371,"14,7","30,3",0,0,0,0,"54,5",328,
"Svinekød, ribbensteg, rå",1129,"16,8","22,8",0,0,0,0,"59,9",270,
"Svinekød, ribsteaks, rå",952,"17,7","17,6",0,0,0,0,"64,2",228,
"Svinekød, rullesteg af slag, rå",905,"18,2","16,1",0,0,0,0,"65,2",216,
"Svinekød, sautéskiver af svinefilet, rå",418,"22,4",1,0,0,0,0,"75,7",100,
"Svinekød, skinkemuskler -skank, helt afpudsede, rå",426,"20,7",2,0,0,0,0,"60,8",102,
"Svinekød, skinkestrimler af yderlår, rå",493,"20,5","3,9",0,0,0,0,"74,8",118,
"Svinekød, skinketern af yderlår, rå",493,"20,5","3,9",0,0,0,0,"74,8",118,
"Svinekød, spareribs, rå",1166,"17,2","23,6",0,0,0,0,"58,7",279,
"Svinekød, uspec., ca. 10 % fedt, råt",784,20,12,0,0,0,0,"68,3",187,
"Svinekød, uspec., ca. 20 % fedt, råt",1013,18,"19,1",0,0,0,0,"62,2",242,
"Svinekød, uspec., fedt, råt",1439,15,32,0,0,0,0,"52,8",344,
"Svinekød, uspec., magert, råt",485,22,3,0,0,0,0,"73,9",116,
"Svinekød, vikingsteaks, rå",779,"19,9","11,9",0,0,0,0,"67,5",186,
"Svinekød, wokstrimler af skinkeinderlår, rå",448,"22,2","1,9",0,0,0,0,75,107,
"Svinemørbrad, afpudset, rå",499,"21,1","3,8",0,0,0,0,"74,3",119,
"Svinespæk, rygspæk",2749,5,72,0,0,0,0,"8,8",657,
Sylte,898,13,"18,2","0,2",0,0,0,"66,6",215,
"Syltetøj, uspec.",1135,"0,6",0,"66,7","65,7",1,0,"29,8",271,
"Syre (krydderplante), rå",88,2,"0,7","3,2",0,"2,9",0,93,21,
"Sælkød, råt",494,"23,4","2,6",0,,0,0,"73,6",118,
Sødmælk (UHT),262,"3,4","3,5","4,4",0,0,0,"87,8",63,
"Sødmælk, konventionel (ikke-økologisk)",269,"3,4","3,5","4,8",0,0,0,"87,8",64,
"Sødmælk, økologisk",269,"3,4","3,5","4,8",0,0,0,"87,8",64,
Sødmælkspulver,2095,"27,7","26,8","37,2",0,0,0,"2,4",501,
"Søtunge, rå",359,"18,7","1,1",0,0,0,0,"78,4",86,
"Tamarind, rå",1086,"2,8","0,6","62,5",0,"5,1",0,"31,4",260,
"Tang, agar",1280,"2,3","0,3",75,0,5,0,"19,9",306,
"Tang, konbu, tørret (kelp)",1044,"7,9","0,6",55,0,"5,3",0,"12,3",250,
"Te, blade",961,"19,6",2,"62,1",,"55,8",0,"9,3",230,
"Te, drikkeklar",2,"0,1",0,0,0,0,0,"99,9",0,
Tebirkes,1739,"7,7","23,5","45,2",,"3,3",0,"22,4",416,
Tidselolie,3700,0,100,0,0,0,0,0,884,
"Tofu, sojabønneost",320,"7,8","4,2","2,4",0,1,0,85,76,
"Tomat, dansk, rå",84,"0,7","0,3","4,6",0,"1,9",0,94,20,
"Tomat, flået, konserves",90,"1,2","0,3","3,9",0,"0,9",0,94,22,
"Tomat, importeret, rå",137,"1,1","0,4","7,2",0,"2,1",0,"90,6",33,
"Tomat, tørret",1189,"14,1",3,"55,8",,"12,3",0,"14,6",284,
"Tomat, uspec., rå",107,"0,7","0,3","5,7",0,"1,4",0,"94,3",26,
"Tomatjuice, konserves",85,"0,8","0,1","4,3",0,"0,6",0,"93,9",20,
Tomatketchup,479,3,"2,4","21,7","7,6","3,3",0,"71,5",114,
"Tomatketchup, stærk",435,2,0,24,21,"0,8",0,70,104,
Tomatpure,409,"4,4","0,9","19,6",0,"3,6",0,"72,3",98,
"Tomatpure, koncentreret",371,"4,3","0,5","18,6",0,"4,1",0,"73,5",89,
"Tomatsuppe, spiseklar",304,"1,6","1,5","13,2",,"0,4",0,"81,3",73,
"Torsk, filet, kogt",340,"18,7","0,6",0,0,0,0,"80,6",81,
"Torsk, filet, paneret, rå",486,"15,7","0,8","11,4",0,"0,5",0,"70,8",116,
"Torsk, filet, røget, med skind",334,19,"0,3",0,0,0,0,"79,4",80,
"Torsk, filet, rå",340,"18,7","0,6",0,0,0,0,"80,6",81,
"Torsk, filet, stegt",503,"18,7",5,0,0,0,0,75,120,
"Torsk, lever, konserves",2134,"4,6","55,1",1,0,0,0,"35,7",510,
"Torsk, lever, røget",2568,"5,1","66,6",1,0,0,0,"26,8",614,
"Torsk, lever, rå",2568,"5,1","66,6",1,0,0,0,"26,8",614,
"Torsk, levertran",3700,0,100,0,0,0,0,0,884,
"Torsk, rogn, konserves",417,"13,7","3,7","2,8",0,0,0,"77,8",100,
"Torsk, rogn, røget",613,"26,8","4,2","0,1",,0,0,67,147,
"Torsk, rogn, rå",503,"21,8","2,9","1,5",0,0,0,"73,1",120,
"Tranebær, rå",176,"0,4","0,1","12,2",0,"4,6",0,"87,1",42,
Trekornsbrød,1081,"8,2","4,4","49,2",0,"6,4",0,"35,8",258,
"Tun i olie, konserves",808,"24,9","10,4",0,0,0,0,"62,4",193,
"Tun i tomat, konserves",560,"17,2",7,"0,5",0,0,0,"74,1",134,
"Tun i vand, konserves",467,"25,3",1,0,0,0,0,"73,2",112,
"Tun, rå",508,"27,5","1,1",0,0,0,0,"70,8",121,
"Tunge, kalv, rå",754,"16,9","12,2","0,9",0,0,0,"69,2",180,
"Tunge, kalv, saltet",732,"16,9","11,6","0,9",0,0,0,"69,6",175,
"Tunge, okse, rå",741,"16,2","12,4","0,4",0,0,0,"70,2",177,
"Tunge, svin, rå",668,17,10,"0,5",0,0,0,"71,6",160,
"Tunge, svin, saltet",668,17,10,"0,5",0,0,0,"71,5",160,
Tvebakker,1594,"9,3","5,8","73,5",0,"3,1",0,"7,8",381,
"Tyggegummi, med sukker, uspec.",1525,"0,4",0,"90,6",68,"2,4",0,"3,4",364,
"Tyggegummi, uden sukker, uspec.",1452,"0,6",0,"86,1",1,"2,4",0,"3,6",347,
Tykmælk,269,"3,5","3,6","4,5",0,0,0,"87,6",64,
"Tyttebær, rå",220,"0,8","1,2","11,5",0,"3,7",0,"86,3",53,
"Tyttebær, syltede",651,"0,2","0,2",39,26,"2,5",0,60,156,
"Tørkage, kokosmakroner",1989,"6,3","28,2","49,3",,0,0,"15,4",475,
"Tørkage, kransekage",2022,"9,2",25,"58,9",,"6,8",0,"6,1",483,
"Tørkage, linse",1836,"6,1","24,5","49,1",20,1,0,"18,1",439,
"Tørkage, mazariner",1979,"5,7","27,9","51,6",22,3,0,"13,4",473,
"Tørkage, napoleonshatte",1976,"6,4","24,1",59,,3,0,"9,3",472,
"Tørkage, uspec.",1933,"5,1","27,3","52,8",20,"6,8",0,"13,5",462,
Valle,117,"0,9","0,4","5,1",,0,0,"93,1",28,
"Vallepulver, tørret",1526,"12,9","1,1","74,5",,0,0,"3,2",365,
Valnød,2847,"14,3","64,3","16,2",0,"5,6",0,"2,8",680,
Valnøddebrød,1117,"8,1","4,5","50,3",0,"4,7",0,"34,5",267,
Valnøddeolie,3700,0,100,0,0,0,0,0,884,
"Vand, drikke-, vejl. værdier",0,0,0,0,0,0,0,100,0,
"Vandmelon, rå",159,"0,8","0,1","8,6",0,"0,5",0,"90,2",38,
Vanilleis,778,4,10,20,16,0,0,"64,9",186,
Vekao,2341,"4,3","33,9","59,9",50,"0,5",0,"0,6",560,
"Vermouth, sød",606,0,0,"14,5",10,0,"12,4","71,9",145,
"Vermouth, tør",490,"0,1",0,"5,2",0,0,"13,8","79,6",117,
"Vinbjergssnegle, rå",343,16,1,2,0,0,0,79,82,
"Vindrue, rå",261,"0,5","0,4","14,7",0,"1,4",0,84,62,
Vindruekerneolie,3700,0,100,0,0,0,0,0,884,
Vingummi,1482,"6,6","0,9","78,6","40,6",0,0,"13,7",354,
Vodka,969,0,0,0,0,0,"33,4","66,6",232,
"Voksbønner, konserves",110,"1,4","0,3","5,2",0,"1,5",0,"92,2",26,
"Voksbønner, rå",150,"2,1","0,2","7,1",0,"1,5",0,90,36,
Whisky,1046,0,0,"0,1",0,0,36,"63,9",250,
"Wienerbrød, julekage",1896,"5,2",31,"40,6",,"3,3",0,"21,1",453,
"Wienerbrød, kringle/stang",1899,"4,3","28,1",48,,"3,3",0,"19,3",454,
"Wienerbrød, smørkrans",1944,"4,3",31,"44,3",,"3,3",0,"19,2",465,
"Wienerbrød, spandauer",1736,"4,7","29,4","35,2",3,"3,3",0,"27,6",415,
"Wienerbrød, uspec.",1793,"4,5","26,6","44,8",3,"3,3",0,"20,9",429,
Wienerpølse,1144,"13,4","23,2","3,5",0,"0,2",0,"57,1",273,
"Wienerpølse (bayersk pølse), kogt",1049,"12,7","21,2",3,0,"0,2",0,"59,6",251,
"Wienerpølse, konserves",835,"10,6",17,"1,6",0,"0,2",0,69,200,
"Wienerpølse, ristet",1236,"14,4","23,2","7,9",0,"0,2",0,"51,1",295,
"Yams, rå",470,"1,5","0,2","27,9",0,"4,1",0,"69,6",112,
"Yderlår, skinkeculotte, ca. 2 mm spæk, rå",708,"19,2","10,3",0,,0,0,"69,6",169,
"Yderlår, skinkesteg (med svær), rå",769,"19,1",12,0,,0,0,"68,5",184,
Ylette naturel,248,"6,3","1,8","4,4",0,0,0,"86,5",59,
Ymer naturel,301,"6,1","3,5",4,0,0,0,"85,4",72,
Yoghurt med appelsinsaft,376,"3,4","3,3","11,8","5,9","0,5",0,"80,1",90,
"Yoghurt med frugt, uspec.",372,"3,3","3,2","11,9","4,5","0,5",0,"80,6",89,
Yoghurt med jordbær,374,"3,3","3,1","12,2","6,4","0,5",0,"81,3",89,
Yoghurt med müsli,378,"3,5","3,3","11,8","3,8","0,5",0,"80,7",90,
Yoghurt med peach melba,381,"3,3","3,2","12,4","6,1","0,5",0,"80,6",91,
Yoghurt med pære og banan,372,"3,3","3,2","11,9","4,5","0,5",0,"80,3",89,
Yoghurt naturel,262,"3,8","3,6","3,8",0,0,0,"87,9",63,
"Æble, dansk, råt",192,"0,3","0,3","11,5",0,"2,2",0,"87,6",46,
"Æble, importeret, råt",246,"0,3","0,7",14,0,"2,5",0,"84,9",59,
"Æble, tørret",1068,"0,9","0,3","65,9",0,"8,7",0,"31,8",255,
"Æble, uspec., råt",216,"0,3","0,3","12,9",0,"2,2",0,"85,7",52,
Æblegele,1030,"0,5","0,5",59,56,0,0,"39,8",246,
"Æblemost, uspec.",179,"0,1","0,1","10,2",0,0,0,"87,9",43,
"Æg, and, rå",754,"12,8","13,8","1,5",0,0,0,"70,8",180,
"Æg, blomme, rå",1312,"15,9","26,5","3,6",0,0,0,"52,3",314,
"Æg, blomme, saltet, pasteuriseret, dybfrost",1116,14,23,"1,6",0,0,0,"50,8",267,
"Æg, blomme, tilsat sukker, pasteuriseret, dybfrost",1303,"14,2","23,4","11,5","9,7",0,0,"49,5",311,
"Æg, blomme, tørret",2709,"34,3","55,8","3,6",0,0,0,3,647,
"Æg, gås, rå",752,"13,9","13,3","1,4",0,0,0,"70,4",180,
"Æg, hele, pasteuriseret, dybfrost",603,"12,5",10,"1,2",0,0,0,"75,3",144,
"Æg, hele, rå",594,"12,6","9,9","0,8",,0,0,"75,8",142,
"Æg, hele, tørret",2408,"47,4",41,5,0,0,0,"3,1",576,
"Æg, hvide, pasteuriseret, dybfrost",196,"10,5",0,1,0,0,0,"87,8",47,
"Æg, hvide, rå",205,"10,9","0,2","0,7",0,0,0,"87,6",49,
"Æg, hvide, tørret",1511,"81,1",0,"7,8",0,0,0,"5,8",361,
"Æg, langæg, kogt, dybfrost (DANÆG)",579,12,10,"0,3",0,0,0,"76,8",138,
"Øl, let pilsner, ubeskattet, uspec.",110,"0,2",0,"2,7",0,0,"2,1","94,9",26,
"Øl, mørkt hvidtøl, ubeskattet, uspec.",189,"0,3",0,"8,6",0,0,"1,3","89,7",45,
"Øl, pilsner, skatteklasse 1, uspec.",158,"0,3",0,"2,7",0,0,"3,7","93,5",38,
"Øl, skatteklasse 2, uspec.",195,"0,4",0,"3,2",0,0,"4,6","91,3",47,
"Øl, skatteklasse 3, uspec.",259,"0,4",0,"4,6",0,0,6,"88,8",62,
"Øl, ubeskattet, uspec.",148,"0,3",0,"5,7",0,0,"1,6","92,3",35,
"Ørred, dam-, sø-, rå",613,"19,1","7,8",0,0,0,0,"72,3",147,
"Ørred, hav-, rå",462,20,"3,3",0,0,0,0,"75,2",110,
"Ørred, regnbue-, rå",561,"18,4","6,7",0,0,0,0,"74,3",134,
"Østers, rå",260,"7,8","1,5","4,2",0,0,0,"84,8",62,
"Ål, røget",1358,"19,4","27,8",0,0,0,0,"50,2",325,
"Ål, rå",1331,18,"27,7",0,0,0,0,"53,3",318,
,,,,,,,,,0,
,,,,,,,,,0,
,,,,,,,,,0,
,,,,,,,,,0,
,,,,,,,,,0,
,,,,,,,,,0,
,,,,,,,,,0,
,,,,,,,,,0,
,,,,,,,,,0,
,,,,,,,,,0,
,,,,,,,,,0,
,,,,,,,,,0,
,,,,,,,,,0,
,,,,,,,,,0,
,,,,,,,,,0,
,,,,,,,,,0,
,,,,,,,,,0,
,,,,,,,,,0,
,,,,,,,,,0,
,,,,,,,,,0,
,,,,,,,,,0,
,,,,,,,,,0,
,,,,,,,,,0,
,,,,,,,,,0,
,,,,,,,,,0,
,,,,,,,,,0,
,,,,,,,,,0,
,,,,,,,,,0,
,,,,,,,,,0,
,,,,,,,,,0,
,,,,,,,,,0,
,,,,,,,,,0,
